country,countryname,edate,e101_structure,e102_structure,e103_structure,e104_structure,e105_structure,e106_structure,e107_structure,e108_structure,e109_structure,e110_structure,e201_structure,e202_structure,e203_structure,e204_structure,e301_structure,e302_structure,e303_structure,e304_structure,e305_structure,e401_structure,e402_structure,e403_structure,e404_structure,e405_structure,e406_structure,e407_structure,e408_structure,e409_structure,e410_structure,e411_structure,e412_structure,e413_structure,e414_structure,e415_structure,e416_structure,e501_structure,e502_structure,e503_structure,e504_structure,e505_structure,e506_structure,e507_structure,e601_structure,e602_structure,e603_structure,e604_structure,e605_structure,e606_structure,e607_structure,e608_structure,e701_structure,e702_structure,e703_structure,e704_structure,e705_structure,e706_structure
11,Sweden,1944-09-17,0,0,-1,1,-1,-1,-1,1,0,-1,1,-1,0,0,1,1,1,0,0,1,1,-1,-1,0,0,-1,-1,0,-1,0,-1,-1,1,0,0,-1,0,0,-1,1,-1,0,0,0,1,0,1,-1,-1,0,-1,1,1,0,1,0
11,Sweden,1948-09-19,0,0,-1,1,-1,-1,-1,1,0,-1,1,-1,0,0,1,1,1,0,0,1,1,-1,-1,0,0,-1,-1,0,-1,0,-1,-1,1,0,0,-1,0,0,-1,1,-1,0,0,0,1,0,1,-1,-1,0,-1,1,1,0,1,0
11,Sweden,1952-09-21,0,0,-1,1,-1,-1,-1,1,0,-1,1,-1,0,0,1,1,1,0,0,1,1,-1,-1,0,0,-1,-1,0,-1,0,-1,-1,1,0,0,-1,0,0,-1,1,-1,0,0,0,1,0,1,-1,-1,0,-1,1,1,0,1,0
11,Sweden,1956-09-26,0,0,-1,1,-1,-1,-1,1,0,-1,1,-1,0,0,1,1,1,0,0,1,1,-1,-1,0,0,-1,-1,0,-1,0,-1,-1,1,0,0,-1,0,0,-1,1,-1,0,0,0,1,0,1,-1,-1,0,-1,1,1,0,1,0
11,Sweden,1958-06-01,0,0,-1,1,-1,-1,-1,1,0,-1,1,-1,0,0,1,1,1,0,0,1,1,-1,-1,0,0,-1,-1,0,-1,0,-1,-1,1,0,0,-1,0,0,-1,1,-1,0,0,0,1,0,1,-1,-1,0,-1,1,1,0,1,0
11,Sweden,1960-09-18,0,0,-1,1,-1,-1,-1,1,0,-1,1,-1,0,0,1,1,1,0,0,1,1,-1,-1,0,0,-1,-1,0,-1,0,-1,-1,1,0,0,-1,0,0,-1,1,-1,0,0,0,1,0,1,-1,-1,0,-1,1,1,0,1,0
11,Sweden,1964-09-20,0,0,-1,1,-1,-1,-1,1,0,-1,1,-1,0,0,1,1,1,0,0,1,1,-1,-1,0,0,-1,-1,0,-1,0,-1,-1,1,0,0,-1,0,0,-1,1,-1,0,0,0,1,0,1,-1,-1,0,-1,1,1,0,1,0
11,Sweden,1968-09-15,0,0,-1,1,-1,-1,-1,1,0,-1,1,-1,0,0,1,1,1,0,0,1,1,-1,-1,0,0,-1,-1,0,-1,0,-1,-1,1,0,0,-1,0,0,-1,1,-1,0,0,0,1,0,1,-1,-1,0,-1,1,1,0,1,0
11,Sweden,1970-09-20,0,0,-1,1,-1,-1,-1,1,0,-1,1,-1,0,0,1,1,1,0,0,1,1,-1,-1,0,0,-1,-1,0,-1,0,-1,-1,1,0,0,-1,0,0,-1,1,-1,0,0,0,1,0,1,-1,-1,0,-1,1,1,0,1,0
11,Sweden,1973-09-16,0,0,-1,1,-1,-1,-1,1,0,-1,1,-1,0,0,1,1,1,0,0,1,1,-1,-1,0,0,-1,-1,0,-1,0,-1,-1,1,0,0,-1,0,0,-1,1,-1,0,0,0,1,0,1,-1,-1,0,-1,1,1,0,1,0
11,Sweden,1976-09-19,0,0,-1,1,-1,-1,-1,1,0,-1,1,-1,0,0,1,1,1,0,0,1,1,-1,-1,0,0,-1,-1,0,-1,0,-1,-1,1,0,0,-1,0,0,-1,1,-1,0,0,0,1,0,1,-1,-1,0,-1,1,1,0,1,0
11,Sweden,1979-09-16,0,0,-1,1,-1,-1,-1,1,0,-1,1,-1,0,0,1,1,1,0,0,1,1,-1,-1,0,0,-1,-1,0,-1,0,-1,-1,1,0,0,-1,0,0,-1,1,-1,0,0,0,1,0,1,-1,-1,0,-1,1,1,0,1,0
11,Sweden,1982-09-19,0,0,-1,1,-1,-1,-1,1,0,-1,1,-1,0,0,1,1,1,0,0,1,1,-1,-1,0,0,-1,-1,0,-1,0,-1,-1,1,0,0,-1,0,0,-1,1,-1,0,0,0,1,0,1,-1,-1,0,-1,1,1,0,1,0
11,Sweden,1985-09-15,0,0,-1,1,-1,-1,-1,1,0,-1,1,-1,0,0,1,1,1,0,0,1,1,-1,-1,0,0,-1,-1,0,-1,0,-1,-1,1,0,0,-1,0,0,-1,1,-1,0,0,0,1,0,1,-1,-1,0,-1,1,1,0,1,0
11,Sweden,1988-09-18,0,0,-1,1,-1,-1,-1,1,0,-1,1,-1,0,0,1,1,1,0,0,1,1,-1,-1,0,0,-1,-1,0,-1,0,-1,-1,1,0,0,-1,0,0,-1,1,-1,0,0,0,1,0,1,-1,-1,0,-1,1,1,0,1,0
11,Sweden,1991-09-15,0,0,-1,1,-1,-1,-1,1,0,-1,1,-1,0,0,1,1,1,0,0,1,1,-1,-1,0,0,-1,-1,0,-1,0,-1,-1,1,0,0,-1,0,0,-1,1,-1,0,0,0,1,0,1,-1,-1,0,-1,1,1,0,1,0
11,Sweden,1994-09-18,0,0,-1,1,-1,-1,-1,1,0,-1,1,-1,0,0,1,1,1,0,0,1,1,-1,-1,0,0,-1,-1,0,-1,0,-1,-1,1,0,0,-1,0,0,-1,1,-1,0,0,0,1,0,1,-1,-1,0,-1,1,1,0,1,0
11,Sweden,1998-09-21,0,0,-1,1,-1,-1,-1,1,0,-1,1,-1,0,0,1,1,1,0,0,1,1,-1,-1,0,0,-1,-1,0,-1,0,-1,-1,1,0,0,-1,0,0,-1,1,-1,0,0,0,1,0,1,-1,-1,0,-1,1,1,0,1,0
11,Sweden,2002-09-15,0,0,-1,1,-1,-1,-1,1,0,-1,1,-1,0,0,1,1,1,0,0,1,1,-1,-1,0,0,-1,-1,0,-1,0,-1,-1,1,0,0,-1,0,0,-1,1,-1,0,0,0,1,0,1,-1,-1,0,-1,1,1,0,1,0
11,Sweden,2006-09-17,1,0,-1,1,-1,0,-1,1,-1,-1,1,-1,1,0,1,1,1,0,0,1,1,-1,-1,0,0,1,0,-1,-1,1,-1,-1,1,-1,-1,-1,0,-1,-1,1,0,0,1,0,1,-1,1,-1,-1,1,-1,1,1,1,0,0
11,Sweden,2010-09-19,1,0,-1,1,-1,0,-1,1,-1,-1,1,-1,1,0,1,1,1,0,0,1,1,-1,-1,0,0,1,0,-1,-1,1,-1,-1,1,-1,-1,-1,0,-1,-1,1,0,0,1,0,1,-1,1,-1,-1,1,-1,1,1,1,0,0
12,Norway,1945-10-08,-1,0,-1,1,-1,-1,-1,0,-1,-1,1,-1,1,0,1,0,0,0,0,1,1,-1,-1,0,-1,1,-1,-1,-1,0,-1,-1,1,-1,0,0,0,-1,-1,1,1,1,-1,0,1,0,1,-1,1,1,-1,1,1,1,1,0
12,Norway,1949-10-10,-1,0,-1,1,-1,-1,-1,0,-1,-1,1,-1,1,0,1,0,0,0,0,1,1,-1,-1,0,-1,1,-1,-1,-1,0,-1,-1,1,-1,0,0,0,-1,-1,1,1,1,-1,0,1,0,1,-1,1,1,-1,1,1,1,1,0
12,Norway,1953-10-12,-1,0,-1,1,-1,-1,-1,0,-1,-1,1,-1,1,0,1,0,0,0,0,1,1,-1,-1,0,-1,1,-1,-1,-1,0,-1,-1,1,-1,0,0,0,-1,-1,1,1,1,-1,0,1,0,1,-1,1,1,-1,1,1,1,1,0
12,Norway,1957-10-07,-1,0,-1,1,-1,-1,-1,0,-1,-1,1,-1,1,0,1,0,0,0,0,1,1,-1,-1,0,-1,1,-1,-1,-1,0,-1,-1,1,-1,0,0,0,-1,-1,1,1,1,-1,0,1,0,1,-1,1,1,-1,1,1,1,1,0
12,Norway,1961-09-11,-1,0,-1,1,-1,-1,-1,0,0,-1,1,-1,1,0,1,0,0,0,0,1,1,-1,-1,0,-1,1,-1,-1,-1,0,-1,-1,1,-1,0,0,0,-1,-1,1,1,1,1,0,1,0,1,-1,1,1,-1,1,1,0,1,0
12,Norway,1965-09-12,-1,0,-1,1,-1,-1,-1,0,0,-1,1,-1,1,0,1,0,0,0,0,1,1,-1,-1,0,-1,1,-1,-1,-1,0,-1,-1,1,-1,0,0,0,-1,-1,1,1,1,1,0,1,0,1,-1,1,1,-1,1,1,0,1,0
12,Norway,1969-09-07,-1,0,-1,1,-1,-1,-1,0,0,-1,1,-1,1,0,1,0,0,0,0,1,1,-1,-1,0,-1,1,-1,-1,-1,0,-1,-1,1,-1,0,0,0,-1,-1,1,1,1,1,0,1,0,1,-1,1,1,-1,1,1,0,1,0
12,Norway,1973-09-09,-1,0,-1,1,-1,-1,-1,0,1,-1,1,-1,1,0,1,1,0,0,0,1,1,-1,-1,0,-1,1,-1,-1,-1,0,-1,-1,1,-1,0,0,0,-1,-1,1,1,1,1,0,1,0,1,-1,1,1,-1,1,1,0,1,0
12,Norway,1977-09-11,-1,0,-1,1,-1,-1,-1,0,1,-1,1,-1,1,0,1,1,1,0,0,1,1,-1,-1,0,-1,1,-1,-1,-1,0,-1,-1,1,-1,0,0,0,-1,-1,1,1,1,1,0,1,0,1,-1,0,1,-1,1,1,0,1,0
12,Norway,1981-09-14,-1,0,-1,1,-1,-1,-1,0,1,-1,1,-1,1,0,1,1,1,0,0,1,1,-1,-1,0,-1,1,-1,-1,-1,0,-1,-1,1,-1,0,0,0,-1,-1,1,1,1,1,0,1,0,1,-1,0,1,-1,1,1,0,1,0
12,Norway,1985-09-08,-1,0,-1,1,-1,-1,-1,0,1,-1,1,-1,1,0,1,1,1,0,0,1,1,-1,-1,0,-1,1,-1,-1,-1,0,-1,-1,1,-1,0,0,0,-1,-1,1,1,1,1,0,1,0,1,-1,0,1,-1,1,1,0,1,0
12,Norway,1989-09-11,-1,0,-1,1,-1,-1,-1,0,1,-1,1,-1,1,0,1,1,1,0,0,1,1,-1,-1,0,-1,1,-1,-1,-1,0,-1,-1,1,-1,0,0,0,-1,-1,1,1,1,1,0,1,0,1,-1,0,1,-1,1,1,0,1,0
12,Norway,1993-09-13,-1,0,-1,1,-1,-1,-1,0,1,-1,1,-1,1,0,1,1,1,0,0,1,1,-1,-1,0,-1,1,-1,-1,-1,0,-1,-1,1,-1,0,0,0,-1,-1,1,1,1,1,0,1,0,1,-1,-1,1,-1,1,1,0,1,0
12,Norway,1997-09-16,-1,0,-1,1,-1,-1,-1,0,1,-1,1,-1,1,0,1,1,1,0,0,1,1,-1,-1,0,-1,1,-1,-1,-1,0,-1,-1,1,-1,0,0,0,-1,-1,1,1,1,1,0,1,0,1,-1,-1,1,-1,1,1,0,1,0
12,Norway,2001-09-10,-1,0,-1,1,-1,-1,-1,0,1,-1,1,-1,1,0,1,1,1,0,0,1,1,-1,-1,0,-1,1,-1,-1,-1,0,-1,-1,1,-1,0,0,0,-1,-1,1,1,1,1,0,1,0,1,-1,-1,1,-1,1,1,0,1,0
12,Norway,2005-09-12,-1,-1,-1,1,-1,0,-1,0,1,0,1,-1,1,0,1,1,1,0,0,1,1,-1,-1,-1,0,1,-1,0,0,0,0,-1,1,-1,-1,-1,-1,-1,-1,1,1,1,1,0,1,0,1,-1,-1,1,-1,1,1,0,0,0
12,Norway,2009-09-14,-1,-1,-1,1,-1,0,-1,0,1,0,1,-1,1,0,1,1,1,0,0,1,1,-1,-1,-1,0,1,-1,0,0,0,0,-1,1,-1,-1,-1,-1,-1,-1,1,1,1,1,0,1,0,1,-1,-1,1,-1,1,1,0,0,0
13,Denmark,1945-10-30,1,1,-1,1,-1,-1,1,1,1,-1,1,-1,-1,1,1,1,1,1,0,1,1,-1,-1,0,-1,1,-1,-1,-1,-1,0,-1,1,-1,-1,-1,-1,-1,-1,1,-1,1,1,-1,1,-1,1,-1,-1,1,-1,1,1,1,1,-1
13,Denmark,1947-10-28,1,1,-1,1,-1,-1,1,1,1,-1,1,-1,-1,1,1,1,1,1,0,1,1,-1,-1,0,-1,1,-1,-1,-1,-1,0,-1,1,-1,-1,-1,-1,-1,-1,1,-1,1,1,-1,1,-1,1,-1,-1,1,-1,1,1,1,1,-1
13,Denmark,1950-09-05,1,1,-1,1,-1,-1,1,1,1,-1,1,-1,-1,1,1,1,1,1,0,1,1,-1,-1,0,-1,1,-1,-1,-1,-1,0,-1,1,-1,-1,-1,-1,-1,-1,1,-1,1,1,-1,1,-1,1,-1,-1,1,-1,1,1,1,1,-1
13,Denmark,1953-04-21,1,1,-1,1,-1,-1,1,1,1,-1,1,-1,-1,1,1,1,1,1,0,1,1,-1,-1,0,-1,1,-1,-1,-1,-1,0,-1,1,-1,-1,-1,-1,-1,-1,1,-1,1,1,-1,1,-1,1,-1,-1,1,-1,1,1,1,1,-1
13,Denmark,1953-09-22,1,1,-1,1,-1,-1,1,1,1,-1,1,-1,-1,1,1,1,1,1,0,1,1,-1,-1,0,-1,1,-1,-1,-1,-1,0,-1,1,-1,-1,-1,-1,-1,-1,1,-1,1,1,-1,1,-1,1,-1,-1,1,-1,1,1,1,1,-1
13,Denmark,1957-05-14,1,-1,-1,1,-1,-1,1,1,1,-1,1,-1,-1,1,1,1,1,1,0,1,1,-1,-1,0,-1,1,-1,-1,-1,-1,0,-1,1,-1,-1,-1,-1,-1,-1,1,-1,1,1,-1,1,-1,1,-1,-1,1,-1,1,1,1,1,-1
13,Denmark,1960-11-15,1,-1,-1,1,-1,-1,1,1,1,-1,1,-1,-1,1,1,1,1,1,0,1,1,-1,-1,0,-1,1,-1,-1,-1,-1,0,-1,1,-1,-1,-1,-1,-1,-1,1,-1,1,1,-1,1,-1,1,-1,-1,1,-1,1,1,1,1,-1
13,Denmark,1964-09-22,1,-1,-1,1,-1,-1,1,1,1,-1,1,-1,-1,1,1,1,1,1,0,1,1,-1,-1,0,-1,1,-1,-1,-1,-1,0,-1,1,-1,-1,-1,-1,-1,-1,1,-1,1,1,-1,1,-1,1,-1,-1,1,-1,1,1,1,1,-1
13,Denmark,1966-11-22,1,-1,-1,1,-1,-1,1,1,1,-1,1,-1,-1,1,1,1,1,1,0,1,1,-1,-1,0,-1,1,-1,-1,-1,-1,0,-1,1,-1,-1,-1,-1,-1,-1,1,-1,1,1,-1,1,-1,1,-1,-1,1,-1,1,1,1,1,-1
13,Denmark,1968-01-23,0,-1,-1,1,-1,-1,1,1,1,-1,1,-1,-1,1,1,1,1,1,0,1,1,-1,-1,0,-1,1,-1,-1,-1,-1,0,-1,1,-1,-1,-1,-1,-1,-1,1,-1,1,1,-1,1,-1,1,-1,-1,1,-1,1,1,1,1,-1
13,Denmark,1971-09-21,0,-1,-1,1,-1,-1,1,1,1,-1,1,-1,-1,-1,1,1,1,1,0,1,1,-1,-1,0,-1,1,-1,-1,-1,-1,0,-1,1,-1,-1,-1,-1,-1,-1,1,-1,1,1,-1,1,-1,1,-1,-1,1,-1,1,1,1,1,-1
13,Denmark,1973-12-04,0,-1,-1,1,-1,-1,1,1,1,-1,1,-1,-1,-1,1,1,1,1,0,1,1,-1,-1,0,-1,1,-1,-1,-1,-1,-1,-1,1,-1,-1,-1,-1,-1,-1,1,-1,1,1,-1,1,-1,1,-1,-1,1,-1,1,1,1,1,-1
13,Denmark,1975-01-09,0,-1,-1,1,-1,-1,1,1,1,-1,1,-1,-1,-1,1,1,1,1,0,1,1,-1,-1,0,-1,1,-1,-1,-1,-1,-1,-1,1,-1,-1,-1,-1,-1,-1,1,-1,1,1,-1,1,-1,1,-1,-1,1,-1,1,1,1,1,-1
13,Denmark,1977-02-15,0,-1,-1,1,-1,-1,1,1,1,-1,1,-1,-1,-1,1,1,1,1,0,1,1,-1,-1,0,-1,1,-1,-1,-1,-1,-1,-1,1,-1,-1,-1,-1,-1,-1,1,-1,1,1,-1,1,-1,1,-1,-1,1,-1,1,1,1,1,-1
13,Denmark,1979-10-23,0,-1,-1,1,-1,-1,1,1,1,-1,1,-1,-1,-1,1,1,1,1,0,1,1,-1,-1,0,-1,1,-1,-1,-1,-1,-1,-1,1,-1,-1,-1,-1,-1,-1,1,-1,1,1,-1,1,-1,1,-1,-1,1,-1,1,1,1,1,-1
13,Denmark,1981-12-08,0,-1,-1,1,-1,-1,1,1,1,-1,1,-1,-1,-1,1,1,1,1,0,1,1,-1,-1,0,-1,1,-1,-1,-1,-1,-1,-1,1,-1,-1,-1,-1,-1,-1,1,-1,1,1,-1,1,-1,1,-1,-1,1,-1,1,1,1,1,-1
13,Denmark,1984-01-10,0,-1,-1,1,-1,-1,1,1,1,-1,1,-1,-1,-1,1,1,1,1,0,1,1,-1,-1,0,-1,1,-1,-1,-1,-1,-1,-1,1,-1,-1,-1,-1,-1,-1,1,-1,1,1,-1,1,-1,1,-1,-1,1,-1,1,1,1,1,-1
13,Denmark,1987-09-08,0,-1,-1,1,-1,-1,1,1,1,-1,1,-1,-1,0,1,1,1,1,0,1,1,-1,-1,0,-1,1,-1,-1,-1,-1,-1,-1,1,-1,-1,-1,-1,-1,-1,1,-1,1,1,-1,1,-1,1,-1,-1,1,-1,1,1,1,1,-1
13,Denmark,1988-05-10,0,-1,-1,1,-1,-1,1,1,1,-1,1,-1,-1,0,1,1,1,1,0,1,1,-1,-1,0,-1,1,-1,-1,-1,-1,-1,-1,1,-1,-1,-1,-1,-1,-1,1,-1,1,1,-1,1,-1,1,-1,-1,1,-1,1,1,1,1,-1
13,Denmark,1990-12-12,0,0,-1,1,-1,-1,1,1,1,-1,1,-1,-1,0,1,1,1,1,0,1,1,-1,-1,0,-1,1,-1,-1,-1,-1,-1,-1,1,-1,-1,-1,-1,-1,-1,1,-1,1,1,-1,1,-1,1,-1,-1,1,-1,1,1,1,1,-1
13,Denmark,1994-09-21,0,0,-1,1,-1,-1,1,1,1,-1,1,-1,-1,0,1,1,1,1,0,1,1,-1,-1,0,-1,1,-1,-1,-1,-1,-1,-1,1,-1,-1,-1,-1,-1,-1,1,-1,1,1,-1,1,-1,1,-1,-1,1,-1,1,1,1,1,-1
13,Denmark,1998-03-11,0,0,-1,1,-1,-1,1,1,1,0,1,-1,-1,0,1,1,1,1,0,1,1,-1,-1,0,-1,1,-1,-1,-1,-1,-1,-1,1,-1,-1,-1,-1,-1,-1,1,-1,1,1,-1,1,-1,1,-1,-1,1,-1,1,1,1,1,-1
13,Denmark,2001-11-20,0,0,-1,1,-1,-1,1,1,1,0,1,-1,-1,0,1,1,1,1,0,1,1,-1,-1,0,-1,1,-1,-1,-1,-1,-1,-1,1,-1,-1,-1,-1,-1,-1,1,-1,1,1,-1,1,-1,1,-1,-1,1,-1,1,1,1,1,-1
13,Denmark,2005-02-08,0,0,-1,1,-1,-1,1,1,1,0,1,-1,-1,0,1,1,1,1,0,1,1,-1,-1,0,-1,1,-1,-1,-1,-1,-1,-1,1,-1,-1,-1,-1,-1,-1,1,-1,1,1,-1,1,-1,1,-1,-1,1,-1,1,1,1,1,-1
13,Denmark,2007-11-13,1,1,-1,1,-1,-1,1,1,1,0,1,-1,0,0,0,1,1,1,0,1,1,-1,-1,1,1,-1,-1,-1,1,-1,-1,-1,1,-1,-1,-1,-1,-1,-1,1,-1,1,1,-1,1,0,1,-1,-1,1,-1,1,1,1,0,-1
13,Denmark,2011-09-15,1,1,-1,1,-1,-1,1,1,1,0,1,-1,0,0,0,1,1,1,0,1,1,-1,-1,1,1,-1,-1,-1,1,-1,-1,-1,1,-1,-1,-1,-1,-1,-1,1,-1,1,1,-1,1,0,1,-1,-1,1,-1,1,1,1,0,-1
14,Finland,1945-03-18,-1,-1,-1,1,-1,-1,-1,1,1,1,1,-1,0,0,1,0,1,1,0,1,1,1,-1,-1,-1,1,-1,-1,1,1,-1,-1,1,-1,-1,-1,-1,-1,-1,0,-1,1,1,0,1,0,1,0,1,0,-1,1,-1,1,1,0
14,Finland,1948-07-02,-1,-1,-1,1,-1,-1,-1,1,1,1,1,-1,0,0,1,0,1,1,0,1,1,1,-1,-1,-1,1,-1,-1,1,1,-1,-1,1,-1,-1,-1,-1,-1,-1,0,-1,1,1,0,1,0,1,0,1,0,-1,1,-1,1,1,0
14,Finland,1951-07-03,-1,-1,-1,1,-1,-1,-1,1,1,1,1,-1,0,0,1,0,1,1,0,1,1,1,-1,-1,-1,1,-1,-1,1,1,-1,-1,1,-1,-1,-1,-1,-1,-1,0,-1,1,1,0,1,0,1,0,1,0,-1,1,-1,1,1,0
14,Finland,1954-03-08,-1,-1,-1,1,-1,-1,-1,1,1,1,1,-1,0,0,1,0,1,1,0,1,1,1,-1,-1,-1,1,-1,-1,1,1,-1,-1,1,-1,-1,-1,-1,-1,-1,0,-1,1,1,0,1,0,1,0,1,0,-1,1,-1,1,1,0
14,Finland,1958-07-07,-1,-1,-1,1,-1,-1,-1,1,1,1,1,-1,0,0,1,0,1,1,0,1,1,0,-1,-1,-1,1,-1,-1,1,1,-1,-1,1,-1,-1,-1,-1,-1,-1,0,-1,1,1,0,1,0,1,0,1,0,-1,1,-1,1,1,0
14,Finland,1962-02-05,-1,-1,-1,1,-1,-1,-1,1,1,1,1,-1,0,0,1,0,1,1,0,1,1,0,-1,-1,-1,1,-1,-1,1,1,-1,-1,1,-1,-1,-1,-1,-1,-1,0,-1,1,1,0,1,0,1,0,1,0,-1,1,-1,1,1,0
14,Finland,1966-03-21,-1,-1,-1,1,-1,-1,-1,1,1,1,1,-1,0,0,1,0,1,1,0,1,1,0,-1,-1,-1,1,-1,-1,1,1,-1,-1,1,-1,-1,-1,-1,-1,-1,0,-1,1,1,0,1,0,1,0,1,0,-1,1,-1,1,1,0
14,Finland,1970-03-16,-1,-1,-1,1,-1,-1,-1,1,1,1,1,-1,0,0,1,0,1,1,0,1,1,0,-1,-1,-1,1,-1,-1,1,0,-1,-1,1,-1,-1,-1,-1,-1,-1,0,-1,1,1,0,1,0,1,0,1,0,-1,1,-1,1,1,0
14,Finland,1972-01-03,-1,-1,-1,1,-1,-1,-1,1,1,1,1,-1,0,0,1,0,1,1,0,1,1,0,-1,-1,-1,1,-1,-1,1,0,-1,-1,1,-1,-1,-1,-1,-1,-1,0,-1,1,1,0,1,0,1,0,1,0,-1,1,-1,1,1,0
14,Finland,1975-09-22,-1,-1,-1,1,-1,-1,-1,1,1,1,1,-1,0,0,1,0,1,1,0,1,1,0,-1,-1,-1,1,-1,-1,1,0,-1,-1,1,-1,-1,-1,-1,-1,-1,0,-1,1,1,0,1,0,1,0,1,0,-1,1,-1,1,1,0
14,Finland,1979-03-13,-1,-1,-1,1,-1,-1,-1,1,1,1,1,-1,0,0,1,0,1,1,0,1,1,-1,-1,-1,-1,1,-1,-1,1,0,-1,-1,1,-1,-1,-1,-1,-1,-1,0,-1,1,1,0,1,0,1,0,1,0,-1,1,-1,1,1,0
14,Finland,1983-03-21,-1,-1,-1,1,-1,-1,-1,1,1,1,1,-1,0,0,1,0,1,1,0,1,1,-1,-1,-1,-1,1,-1,-1,1,0,-1,-1,1,-1,-1,-1,-1,-1,-1,0,-1,1,1,0,1,0,1,0,1,0,-1,1,-1,1,1,0
14,Finland,1987-03-16,-1,-1,-1,1,-1,-1,-1,1,1,1,1,-1,0,0,1,0,1,1,0,1,1,-1,-1,-1,-1,1,-1,-1,1,0,-1,-1,1,-1,-1,-1,-1,-1,-1,0,-1,1,1,0,1,0,1,0,1,0,-1,1,-1,1,1,0
14,Finland,1991-03-17,1,0,-1,1,-1,-1,-1,1,1,1,1,-1,0,0,1,0,1,1,0,1,1,-1,-1,-1,-1,1,-1,-1,1,0,-1,-1,1,-1,-1,-1,-1,-1,-1,0,-1,1,1,0,1,0,1,0,1,0,-1,1,-1,1,1,0
14,Finland,1995-03-19,1,0,-1,1,-1,-1,-1,1,1,1,1,-1,0,0,1,0,1,1,0,1,1,-1,-1,-1,-1,1,-1,-1,0,0,-1,-1,1,-1,-1,-1,-1,-1,-1,0,-1,1,1,0,1,0,1,0,1,0,-1,1,-1,1,1,0
14,Finland,1999-03-21,1,0,-1,1,-1,-1,-1,1,1,1,1,-1,0,0,1,0,1,1,0,1,1,-1,-1,-1,-1,1,-1,-1,0,0,-1,-1,1,-1,-1,-1,-1,-1,-1,0,-1,1,1,0,1,0,1,0,1,0,-1,1,-1,1,1,0
14,Finland,2003-03-16,1,0,-1,1,-1,-1,-1,1,1,1,1,-1,0,0,1,0,1,1,0,1,1,-1,-1,-1,-1,1,-1,-1,0,0,-1,-1,1,-1,-1,-1,-1,-1,-1,0,-1,1,1,0,1,0,1,0,1,0,-1,1,-1,1,1,0
14,Finland,2007-03-18,-1,1,1,1,-1,-1,-1,1,1,1,1,0,1,0,1,0,0,1,0,1,1,-1,-1,-1,0,1,1,0,-1,0,0,0,0,-1,-1,-1,-1,-1,0,0,-1,1,1,-1,1,1,1,0,-1,1,-1,1,1,1,-1,-1
14,Finland,2011-04-17,-1,1,1,1,-1,-1,-1,1,1,1,1,0,1,0,1,0,0,1,0,1,1,-1,-1,-1,0,1,1,0,-1,0,0,0,0,-1,-1,-1,-1,-1,0,0,-1,1,1,-1,1,1,1,0,-1,1,-1,1,1,1,-1,-1
15,Iceland,1946-06-30,-1,0,-1,1,-1,-1,-1,-1,1,1,0,1,-1,1,1,-1,0,-1,0,1,0,-1,-1,0,-1,1,-1,0,0,0,-1,-1,1,-1,-1,-1,0,-1,-1,0,0,0,1,0,1,-1,1,1,0,0,-1,0,-1,0,0,0
15,Iceland,1949-10-23,-1,0,-1,1,-1,-1,-1,-1,1,1,0,1,-1,1,1,-1,0,-1,0,1,0,-1,-1,0,-1,1,-1,0,0,0,-1,-1,1,-1,-1,-1,0,-1,-1,0,0,0,1,0,1,-1,1,1,0,0,-1,0,-1,0,0,0
15,Iceland,1953-06-28,-1,0,-1,1,-1,-1,-1,-1,1,1,0,1,-1,1,1,-1,0,-1,0,1,0,-1,-1,0,-1,1,-1,0,0,0,-1,-1,1,-1,-1,-1,0,-1,-1,0,0,0,1,0,1,-1,1,1,0,0,-1,0,-1,0,0,0
15,Iceland,1956-06-24,-1,0,-1,1,-1,-1,-1,-1,1,1,0,1,-1,1,1,-1,0,-1,0,1,0,-1,-1,0,-1,1,-1,0,0,0,-1,-1,1,-1,-1,-1,0,-1,-1,0,0,0,1,0,1,-1,1,1,0,0,-1,0,-1,0,0,0
15,Iceland,1959-06-28,-1,0,-1,1,-1,-1,-1,-1,1,1,0,1,-1,1,1,-1,0,-1,0,1,0,-1,-1,0,-1,1,-1,0,0,0,-1,-1,1,-1,-1,-1,0,-1,-1,0,0,0,1,0,1,-1,1,1,0,0,-1,0,-1,0,0,0
15,Iceland,1959-10-25,-1,0,-1,1,-1,-1,-1,-1,1,1,0,1,-1,1,1,-1,0,-1,0,1,0,-1,-1,0,-1,1,-1,0,0,0,-1,-1,1,-1,-1,-1,0,-1,-1,0,0,0,1,0,1,-1,1,1,0,0,-1,0,-1,0,0,0
15,Iceland,1963-06-09,-1,0,-1,1,-1,-1,-1,-1,1,1,0,1,-1,1,1,-1,0,-1,0,1,0,-1,-1,0,-1,1,-1,0,0,0,-1,-1,1,-1,-1,-1,0,-1,-1,0,0,0,1,0,1,-1,1,1,0,0,-1,0,-1,0,0,0
15,Iceland,1967-06-11,-1,0,-1,1,-1,-1,-1,-1,1,1,0,1,-1,1,1,-1,0,-1,0,1,0,-1,-1,0,-1,1,0,0,0,0,-1,-1,1,-1,-1,-1,0,-1,-1,0,0,0,1,0,1,-1,1,1,0,0,-1,0,-1,0,0,0
15,Iceland,1971-06-13,-1,0,-1,1,-1,-1,-1,-1,1,1,0,1,-1,1,1,-1,0,-1,0,1,0,-1,-1,0,-1,1,0,0,0,0,-1,-1,1,-1,-1,-1,0,-1,-1,0,0,0,1,0,1,-1,1,1,0,0,-1,0,-1,0,0,0
15,Iceland,1974-06-30,-1,0,-1,1,-1,-1,0,-1,1,1,0,1,-1,1,1,-1,0,-1,0,1,0,-1,-1,0,-1,1,0,0,0,0,-1,-1,1,-1,-1,-1,0,-1,-1,0,0,0,1,0,1,-1,0,1,0,0,-1,0,-1,0,0,0
15,Iceland,1978-06-25,-1,0,-1,1,-1,-1,0,-1,1,1,0,1,-1,1,1,-1,0,-1,0,1,0,-1,-1,0,-1,1,0,0,0,0,-1,-1,1,-1,-1,-1,0,-1,-1,0,0,0,1,0,1,-1,0,1,0,0,-1,0,-1,0,0,0
15,Iceland,1979-12-02,-1,0,-1,1,-1,-1,0,-1,1,1,0,1,-1,1,1,-1,0,-1,0,1,0,-1,-1,0,-1,1,0,0,0,0,-1,-1,1,-1,-1,-1,0,-1,-1,0,0,0,1,0,1,-1,0,1,0,0,-1,0,-1,0,0,0
15,Iceland,1983-04-23,-1,0,-1,1,-1,-1,0,-1,1,1,0,1,-1,1,1,-1,0,-1,0,1,0,-1,-1,0,-1,1,0,0,1,1,-1,-1,1,-1,-1,-1,0,-1,-1,0,0,0,1,0,1,-1,0,1,0,0,-1,0,-1,0,-1,-1
15,Iceland,1987-04-25,-1,0,-1,1,-1,-1,0,-1,1,1,0,1,-1,1,1,-1,0,-1,0,1,0,0,-1,0,-1,1,0,0,1,1,-1,-1,1,-1,-1,-1,0,-1,-1,0,0,0,1,0,1,-1,0,1,0,0,-1,0,-1,0,-1,-1
15,Iceland,1991-04-20,-1,0,-1,1,-1,-1,0,-1,1,1,0,1,-1,1,1,-1,0,-1,0,1,0,0,-1,0,-1,1,0,0,1,1,-1,-1,1,-1,-1,-1,0,-1,-1,0,0,0,1,0,1,-1,0,1,0,0,-1,0,-1,0,-1,-1
15,Iceland,1995-04-08,-1,0,-1,1,-1,-1,0,-1,1,1,0,1,-1,1,1,-1,0,-1,0,1,1,0,-1,0,-1,1,0,0,1,1,-1,-1,1,-1,-1,-1,0,-1,-1,0,0,0,1,0,1,-1,0,1,0,0,-1,0,-1,0,-1,-1
15,Iceland,1999-05-08,-1,0,-1,1,-1,-1,-1,-1,1,-1,-1,1,-1,1,1,-1,0,-1,0,1,1,0,-1,0,1,1,0,0,1,1,-1,-1,1,-1,-1,0,0,-1,-1,0,0,0,1,0,1,-1,0,1,0,0,-1,0,-1,1,-1,-1
15,Iceland,2003-05-10,-1,0,-1,1,-1,-1,-1,-1,1,-1,-1,1,-1,1,1,-1,0,-1,0,1,1,0,-1,0,1,1,0,0,1,1,-1,-1,1,-1,-1,0,0,-1,-1,0,0,0,1,0,1,-1,0,1,0,0,-1,0,-1,1,-1,-1
15,Iceland,2007-05-12,-1,0,-1,1,-1,0,0,-1,-1,1,-1,-1,-1,-1,-1,-1,-1,1,1,1,1,-1,-1,1,1,1,0,-1,1,1,-1,-1,1,0,-1,-1,-1,-1,0,1,0,-1,1,0,1,-1,0,1,0,0,-1,1,0,0,0,-1
15,Iceland,2009-04-25,-1,0,-1,1,-1,0,0,-1,-1,1,-1,-1,-1,-1,-1,-1,-1,1,1,1,1,-1,-1,1,1,1,0,-1,1,1,-1,-1,1,0,-1,-1,-1,-1,0,1,0,-1,1,0,1,-1,0,1,0,0,-1,1,0,0,0,-1
15,Iceland,2013-04-27,-1,0,-1,1,-1,0,0,-1,-1,1,-1,-1,-1,-1,-1,-1,-1,1,1,1,1,-1,-1,1,1,1,0,-1,1,1,-1,-1,1,0,-1,-1,-1,-1,0,1,0,-1,1,0,1,-1,0,1,0,0,-1,1,0,0,0,-1
22,Netherlands,1946-05-17,1,-1,1,1,-1,-1,-1,0,-1,0,0,-1,1,-1,0,1,1,0,-1,1,1,-1,-1,1,-1,1,-1,1,1,0,-1,-1,1,0,-1,-1,-1,-1,-1,1,-1,1,0,-1,1,0,1,1,1,0,-1,1,1,1,-1,0
22,Netherlands,1948-07-07,1,-1,1,1,-1,-1,-1,0,-1,0,0,-1,1,-1,0,1,1,0,-1,1,1,-1,-1,1,-1,1,-1,1,1,0,-1,-1,1,0,-1,-1,-1,-1,-1,1,-1,1,0,-1,1,0,1,1,1,0,-1,1,1,1,-1,0
22,Netherlands,1952-06-25,1,-1,1,1,-1,-1,-1,0,-1,0,0,-1,1,-1,0,1,1,0,-1,1,1,-1,-1,1,-1,1,-1,1,1,0,-1,-1,1,0,-1,-1,-1,-1,-1,1,-1,1,0,-1,1,0,1,1,1,0,-1,1,1,1,-1,0
22,Netherlands,1956-06-13,1,-1,1,1,-1,-1,-1,0,-1,0,0,-1,1,-1,0,1,1,0,-1,1,1,-1,-1,1,-1,1,-1,1,1,0,-1,-1,1,0,-1,-1,-1,-1,-1,1,-1,1,0,-1,1,0,1,1,1,0,-1,1,1,1,-1,0
22,Netherlands,1959-03-12,1,-1,1,1,-1,-1,-1,0,-1,0,0,-1,1,-1,0,1,1,0,-1,1,1,-1,-1,1,-1,1,-1,1,1,0,-1,-1,1,0,-1,-1,-1,-1,-1,1,-1,1,0,-1,1,0,1,1,1,0,-1,1,1,1,-1,0
22,Netherlands,1963-05-15,1,-1,1,1,-1,-1,-1,0,-1,0,0,-1,1,-1,0,1,1,0,-1,1,1,-1,-1,1,-1,1,-1,1,1,0,-1,-1,1,0,-1,-1,-1,-1,-1,1,-1,1,0,-1,1,0,1,1,1,0,-1,1,1,1,-1,0
22,Netherlands,1967-02-15,1,-1,1,1,-1,-1,-1,0,-1,0,0,-1,1,-1,0,1,1,0,-1,1,1,-1,-1,1,-1,1,-1,1,1,0,-1,-1,1,0,-1,-1,-1,-1,-1,1,-1,1,0,-1,1,0,1,1,1,0,-1,1,1,1,-1,0
22,Netherlands,1971-03-28,1,-1,1,1,-1,-1,-1,0,-1,0,0,-1,1,-1,0,1,1,0,-1,1,1,-1,-1,1,-1,1,-1,1,1,0,-1,-1,1,0,-1,-1,-1,-1,-1,1,-1,1,0,-1,1,-1,1,1,1,0,-1,1,1,1,-1,0
22,Netherlands,1972-11-29,1,-1,1,1,-1,-1,-1,0,-1,0,0,-1,1,-1,0,1,1,0,-1,1,1,-1,-1,1,-1,1,-1,1,1,0,-1,-1,1,0,-1,-1,-1,-1,-1,1,-1,1,0,-1,1,-1,1,1,1,0,-1,1,1,1,-1,0
22,Netherlands,1977-05-25,1,-1,1,1,-1,-1,-1,1,-1,0,0,-1,1,-1,1,0,1,0,-1,1,1,-1,-1,1,-1,1,-1,1,1,0,-1,-1,1,0,-1,-1,-1,-1,-1,1,0,0,0,-1,1,0,1,1,0,0,-1,1,1,1,-1,0
22,Netherlands,1981-05-26,1,-1,1,1,-1,-1,-1,1,-1,0,0,-1,1,-1,1,0,1,0,-1,1,1,-1,-1,1,-1,1,-1,1,1,0,-1,-1,1,0,-1,-1,-1,-1,-1,1,0,0,0,-1,1,0,1,1,0,0,-1,1,1,1,-1,0
22,Netherlands,1982-09-08,1,-1,1,1,-1,-1,-1,1,-1,0,0,-1,1,-1,1,0,1,0,-1,1,1,-1,-1,1,-1,1,-1,1,1,0,-1,-1,1,0,-1,-1,-1,-1,-1,1,0,0,0,-1,1,0,1,1,0,0,-1,1,1,1,-1,0
22,Netherlands,1986-05-21,1,-1,1,1,-1,-1,-1,1,-1,0,0,-1,1,-1,1,0,1,0,-1,1,1,-1,-1,1,-1,1,-1,1,1,0,-1,-1,1,0,-1,-1,-1,-1,-1,1,0,0,0,-1,1,0,1,1,0,0,-1,1,1,1,-1,0
22,Netherlands,1989-09-06,1,-1,1,1,-1,-1,-1,1,-1,-1,0,-1,1,-1,1,0,1,0,-1,1,1,-1,-1,1,-1,1,-1,1,1,0,-1,-1,1,0,-1,-1,-1,-1,-1,1,0,0,0,-1,1,0,1,1,0,0,-1,1,1,1,-1,0
22,Netherlands,1994-05-03,1,-1,1,1,-1,-1,-1,1,-1,-1,0,-1,1,-1,1,0,1,0,-1,1,1,-1,-1,1,-1,1,-1,1,1,0,-1,-1,1,0,-1,-1,-1,-1,-1,1,0,0,0,-1,1,0,1,1,0,0,-1,1,1,1,-1,0
22,Netherlands,1998-05-06,1,-1,1,1,-1,-1,-1,1,-1,-1,0,-1,1,-1,1,0,1,0,-1,1,1,-1,-1,1,-1,1,-1,1,1,0,-1,-1,1,0,-1,-1,-1,-1,-1,1,0,0,0,-1,1,0,1,1,0,0,-1,1,1,1,-1,0
22,Netherlands,2002-05-15,1,-1,1,1,-1,-1,-1,1,-1,-1,0,-1,1,-1,1,0,1,0,0,1,1,-1,-1,1,-1,1,-1,1,1,0,-1,-1,1,0,-1,-1,-1,-1,-1,1,0,0,0,-1,1,0,1,1,0,1,-1,1,1,1,-1,0
22,Netherlands,2003-01-22,1,-1,1,1,-1,-1,-1,1,-1,-1,0,-1,1,-1,1,0,1,0,0,1,1,-1,-1,1,-1,1,-1,1,1,0,-1,-1,1,0,-1,-1,-1,-1,-1,1,0,0,0,-1,1,0,1,1,0,1,-1,1,1,1,-1,0
22,Netherlands,2006-11-22,1,0,-1,1,-1,-1,-1,0,-1,1,-1,-1,1,-1,-1,0,1,1,0,1,1,-1,0,-1,0,1,0,1,1,1,-1,-1,1,-1,-1,-1,-1,-1,-1,1,0,1,1,-1,1,-1,1,0,0,1,-1,1,1,0,-1,-1
22,Netherlands,2010-06-09,1,0,-1,1,-1,-1,-1,0,-1,1,-1,-1,1,-1,-1,0,1,1,0,1,1,-1,0,-1,0,1,0,1,1,1,-1,-1,1,-1,-1,-1,-1,-1,-1,1,0,1,1,-1,1,-1,1,0,0,1,-1,1,1,0,-1,-1
23,Luxembourg,1945-10-21,-1,-1,-1,1,0,-1,0,1,-1,-1,-1,1,-1,0,0,0,1,-1,0,1,1,-1,-1,0,0,-1,0,0,-1,-1,0,-1,0,-1,-1,-1,0,0,0,1,-1,0,0,-1,1,-1,0,0,1,1,-1,0,1,0,0,0
23,Luxembourg,1948-06-06,-1,-1,-1,1,0,-1,0,1,-1,-1,-1,1,-1,0,0,0,1,-1,0,1,1,-1,-1,0,0,-1,0,0,-1,-1,0,-1,0,-1,-1,-1,0,0,0,1,-1,0,0,-1,1,-1,0,0,1,1,-1,0,1,0,0,0
23,Luxembourg,1951-06-03,-1,-1,-1,1,0,-1,0,1,-1,-1,-1,1,-1,0,0,0,1,-1,0,1,1,-1,-1,0,0,-1,0,0,-1,-1,0,-1,0,-1,-1,-1,0,0,0,1,-1,0,0,-1,1,-1,0,0,1,1,-1,0,1,0,0,0
23,Luxembourg,1954-05-30,-1,-1,-1,1,0,-1,0,1,-1,-1,-1,1,-1,0,0,0,1,-1,0,1,1,-1,-1,0,0,-1,0,0,-1,-1,0,-1,0,-1,-1,-1,0,0,0,1,-1,0,0,-1,1,-1,0,0,1,1,-1,0,1,0,0,0
23,Luxembourg,1959-02-01,-1,-1,-1,1,0,-1,0,1,-1,-1,-1,1,-1,0,0,0,1,-1,0,1,1,-1,-1,0,0,-1,0,0,-1,-1,0,-1,0,-1,-1,-1,0,0,0,1,-1,0,0,-1,1,-1,0,0,1,1,-1,0,1,0,0,0
23,Luxembourg,1964-06-07,-1,-1,-1,1,0,-1,0,1,-1,-1,-1,1,-1,0,0,0,1,-1,0,1,1,-1,-1,0,0,-1,0,0,-1,-1,0,-1,0,-1,-1,-1,0,0,0,1,-1,0,0,-1,1,-1,0,0,1,1,-1,0,1,0,0,0
23,Luxembourg,1968-12-15,-1,-1,-1,1,0,-1,0,1,-1,-1,-1,1,-1,0,0,0,1,-1,0,1,1,-1,-1,0,0,-1,0,0,-1,-1,0,-1,0,-1,-1,-1,0,0,0,1,-1,0,0,-1,1,-1,0,0,1,1,-1,0,1,0,0,0
23,Luxembourg,1974-05-26,-1,-1,-1,1,0,-1,0,1,-1,-1,-1,1,-1,0,0,0,1,-1,0,1,1,-1,-1,0,0,-1,0,0,-1,-1,0,-1,0,-1,-1,-1,0,0,0,1,-1,0,0,-1,1,-1,0,0,1,1,-1,0,1,0,0,0
23,Luxembourg,1979-06-10,-1,-1,-1,1,0,-1,0,1,-1,-1,-1,1,-1,0,0,0,1,-1,0,1,1,0,-1,0,0,-1,0,0,-1,-1,0,-1,0,-1,-1,-1,0,0,0,1,-1,0,0,-1,1,-1,0,0,1,1,-1,0,1,0,0,0
23,Luxembourg,1984-06-17,-1,-1,-1,1,0,-1,0,1,-1,-1,-1,1,-1,-1,0,0,1,-1,0,1,1,0,-1,0,0,-1,0,0,-1,-1,0,-1,0,-1,-1,-1,0,0,0,1,-1,0,0,-1,1,-1,1,0,1,1,-1,0,1,0,0,0
23,Luxembourg,1989-06-18,-1,-1,-1,0,0,-1,0,1,-1,-1,-1,1,-1,-1,0,0,1,-1,0,1,1,0,-1,0,0,-1,0,0,-1,-1,0,-1,0,-1,-1,-1,0,0,0,1,-1,0,0,-1,1,-1,1,0,1,1,-1,0,1,0,0,0
23,Luxembourg,1994-06-12,-1,-1,-1,0,0,-1,0,1,-1,-1,-1,1,0,-1,0,0,1,-1,0,1,1,0,-1,0,0,-1,0,0,-1,-1,0,-1,0,-1,-1,-1,0,0,0,1,-1,0,0,-1,1,-1,1,0,1,1,-1,0,1,0,0,0
23,Luxembourg,1999-06-13,-1,-1,-1,0,0,-1,0,1,-1,-1,-1,1,0,-1,0,0,1,-1,0,1,1,0,-1,0,0,-1,0,0,-1,-1,0,-1,0,-1,-1,-1,0,0,0,1,-1,0,0,-1,1,-1,1,0,1,1,-1,0,1,0,0,0
23,Luxembourg,2004-06-13,0,0,0,0,-1,-1,0,-1,-1,-1,0,-1,0,1,0,0,1,1,0,1,1,0,0,0,0,-1,0,0,0,-1,-1,-1,1,-1,-1,-1,0,-1,-1,1,-1,0,1,-1,1,-1,1,1,1,1,-1,1,1,0,0,0
23,Luxembourg,2009-06-07,0,0,0,0,-1,-1,0,-1,-1,-1,0,-1,0,1,0,0,1,1,0,1,1,0,0,0,0,-1,0,0,0,-1,-1,-1,1,-1,-1,-1,0,-1,-1,1,-1,0,1,-1,1,-1,1,1,1,1,-1,1,1,0,0,0
23,Luxembourg,2013-10-20,0,0,0,0,-1,-1,0,-1,-1,-1,0,-1,0,1,0,0,1,1,0,1,1,0,0,0,0,-1,0,0,0,-1,-1,-1,1,-1,-1,-1,0,-1,-1,1,-1,0,1,-1,1,-1,1,1,1,1,-1,1,1,0,0,0
31,France,1946-11-10,1,-1,-1,1,-1,-1,-1,-1,1,-1,1,-1,1,-1,1,-1,1,-1,-1,1,1,-1,-1,-1,1,0,1,1,1,-1,-1,-1,1,0,1,-1,1,-1,-1,1,1,1,1,-1,1,0,1,1,-1,1,-1,1,1,-1,-1,-1
31,France,1951-06-17,1,-1,-1,1,-1,-1,-1,-1,1,-1,1,-1,1,-1,1,-1,1,-1,-1,1,1,-1,-1,-1,1,0,1,1,1,-1,-1,-1,1,0,1,-1,1,-1,-1,1,1,1,1,-1,1,0,1,1,-1,1,-1,1,1,-1,-1,-1
31,France,1956-01-02,1,-1,-1,1,-1,-1,-1,-1,1,-1,1,-1,1,-1,1,-1,1,-1,-1,1,1,-1,-1,-1,1,0,1,1,1,-1,-1,-1,1,0,1,-1,1,-1,-1,1,1,1,1,-1,1,0,1,1,-1,1,-1,1,1,-1,-1,-1
31,France,1958-11-23,1,-1,-1,1,-1,-1,-1,-1,1,-1,1,-1,1,-1,1,-1,1,-1,-1,1,1,-1,-1,-1,1,0,1,1,1,-1,-1,-1,1,0,1,-1,1,-1,-1,1,1,1,1,-1,1,0,1,1,-1,1,-1,1,1,-1,-1,-1
31,France,1962-11-18,1,-1,-1,1,-1,-1,-1,-1,1,-1,1,-1,1,-1,1,-1,1,-1,-1,1,1,-1,-1,-1,1,0,1,1,1,-1,-1,-1,1,0,1,-1,1,-1,-1,1,1,1,1,-1,1,0,1,1,-1,1,-1,1,1,-1,-1,-1
31,France,1967-03-05,1,-1,-1,1,-1,-1,-1,-1,1,-1,1,-1,1,-1,1,-1,1,-1,-1,1,1,-1,-1,-1,1,0,1,1,1,-1,-1,-1,1,0,1,-1,1,-1,-1,1,1,1,1,-1,1,0,1,1,-1,1,-1,1,1,-1,-1,-1
31,France,1968-06-23,1,-1,-1,1,-1,-1,-1,-1,1,-1,1,-1,1,-1,1,-1,1,-1,-1,1,1,-1,-1,-1,1,0,1,1,1,-1,-1,-1,1,0,1,-1,1,-1,-1,1,1,1,1,-1,1,0,1,1,-1,1,-1,1,1,-1,-1,-1
31,France,1973-03-04,1,-1,-1,1,-1,-1,-1,-1,1,-1,1,-1,1,-1,1,-1,1,-1,-1,1,1,-1,-1,-1,1,0,1,1,1,-1,-1,-1,1,0,1,-1,1,-1,-1,1,1,1,1,-1,1,0,1,1,-1,1,-1,1,1,-1,-1,-1
31,France,1978-03-12,1,-1,-1,1,-1,-1,-1,-1,1,-1,1,-1,1,-1,1,-1,1,-1,-1,1,1,-1,-1,-1,1,0,1,1,1,-1,-1,-1,1,0,1,-1,1,-1,-1,1,1,1,1,-1,1,0,1,1,-1,1,-1,1,1,-1,-1,-1
31,France,1981-06-14,1,-1,-1,1,-1,-1,-1,-1,1,-1,1,-1,1,-1,1,-1,1,-1,-1,1,1,-1,-1,-1,1,0,1,1,1,-1,-1,-1,1,0,1,-1,1,-1,-1,1,1,1,1,-1,1,0,1,1,-1,1,-1,1,1,-1,-1,-1
31,France,1986-03-16,1,-1,-1,1,-1,-1,-1,-1,1,-1,1,-1,1,-1,1,-1,1,-1,-1,1,1,-1,-1,-1,1,0,1,1,1,-1,-1,-1,1,0,1,-1,1,-1,-1,1,1,1,1,-1,1,0,1,1,-1,1,-1,1,1,-1,-1,-1
31,France,1988-06-05,1,-1,-1,1,-1,-1,-1,-1,1,-1,1,-1,1,-1,1,-1,1,-1,-1,1,1,-1,-1,-1,1,0,1,1,1,-1,-1,-1,1,0,1,-1,1,-1,-1,1,1,1,1,-1,1,0,1,1,-1,1,-1,1,1,-1,-1,-1
31,France,1993-03-21,1,-1,-1,1,-1,-1,-1,-1,1,-1,1,-1,1,-1,1,-1,1,-1,-1,1,1,-1,-1,-1,1,0,0,1,1,-1,-1,-1,1,0,1,-1,1,-1,-1,1,1,1,1,-1,1,0,1,1,-1,1,-1,1,1,-1,-1,-1
31,France,1997-05-25,1,-1,-1,1,-1,-1,-1,-1,1,-1,1,-1,1,-1,1,-1,1,-1,-1,1,1,-1,-1,-1,1,0,0,1,1,-1,-1,-1,1,0,1,-1,1,-1,-1,1,1,1,1,-1,1,0,1,1,-1,1,-1,1,1,-1,-1,-1
31,France,2002-06-09,1,-1,-1,1,-1,-1,-1,-1,1,-1,1,-1,1,-1,1,-1,1,-1,-1,1,1,-1,-1,-1,1,0,0,1,1,-1,-1,-1,1,0,1,-1,1,-1,-1,1,1,1,1,-1,1,0,1,1,-1,1,-1,1,1,-1,-1,-1
31,France,2007-06-10,1,-1,-1,1,-1,-1,-1,-1,1,-1,1,-1,1,-1,1,-1,1,-1,-1,1,1,-1,-1,-1,1,0,0,1,1,-1,-1,-1,1,0,1,-1,1,-1,-1,1,1,1,1,-1,1,0,1,1,-1,1,-1,1,1,-1,-1,-1
31,France,2012-06-10,1,1,-1,1,-1,-1,-1,0,1,1,0,-1,-1,0,1,1,1,-1,0,1,0,-1,0,0,1,-1,1,-1,1,-1,-1,-1,1,-1,-1,-1,1,-1,-1,1,1,1,1,-1,1,0,1,1,-1,1,-1,1,0,0,0,1
32,Italy,1946-06-02,-1,0,-1,0,-1,0,-1,1,-1,-1,0,-1,0,1,0,1,1,0,-1,1,1,0,-1,-1,0,1,0,0,0,0,-1,-1,0,0,-1,-1,0,-1,0,1,-1,0,0,-1,1,0,0,0,-1,0,-1,1,0,1,-1,0
32,Italy,1948-04-18,-1,0,-1,0,-1,0,-1,1,-1,-1,0,-1,0,1,0,1,1,0,-1,1,1,0,-1,-1,0,1,0,0,0,0,-1,-1,0,0,-1,-1,0,-1,0,1,-1,0,0,-1,1,0,0,0,-1,0,-1,1,0,1,-1,0
32,Italy,1953-06-07,-1,0,-1,0,-1,0,-1,1,-1,-1,0,-1,0,1,0,1,1,0,-1,1,1,0,-1,-1,0,1,0,0,0,0,-1,-1,0,0,-1,-1,0,-1,0,1,-1,0,0,-1,1,0,0,0,-1,0,-1,1,0,1,-1,0
32,Italy,1958-05-25,-1,0,-1,0,-1,0,-1,1,-1,-1,0,-1,0,1,0,1,1,0,-1,1,1,0,-1,-1,0,1,0,0,0,0,-1,-1,0,0,-1,-1,0,-1,0,1,-1,0,0,-1,1,0,0,0,-1,0,-1,1,0,1,-1,0
32,Italy,1963-04-28,-1,0,-1,0,-1,0,-1,1,-1,-1,0,-1,0,1,0,1,1,0,-1,1,1,0,-1,-1,0,1,0,0,0,0,-1,-1,0,0,-1,-1,0,-1,0,1,-1,0,0,-1,1,0,0,0,-1,0,-1,1,0,1,-1,0
32,Italy,1968-05-19,-1,0,-1,0,-1,0,-1,1,-1,-1,0,-1,0,1,0,1,1,0,-1,1,1,0,-1,-1,0,1,0,0,0,0,-1,-1,0,0,-1,-1,0,-1,0,1,-1,0,0,-1,1,0,0,0,-1,0,-1,1,0,1,-1,0
32,Italy,1972-05-07,-1,0,-1,0,-1,0,-1,1,-1,-1,0,-1,0,1,0,1,1,0,-1,1,1,0,-1,-1,0,1,0,0,0,0,-1,-1,0,0,-1,-1,0,-1,0,1,-1,0,0,-1,1,0,0,0,-1,0,-1,1,0,1,-1,0
32,Italy,1976-06-20,-1,0,-1,0,-1,0,-1,0,-1,-1,-1,-1,0,-1,0,1,1,0,-1,1,1,0,-1,-1,0,1,0,0,0,0,-1,-1,0,0,-1,-1,0,-1,0,1,-1,0,0,-1,1,0,0,0,-1,0,-1,1,0,1,-1,0
32,Italy,1979-06-03,-1,0,-1,0,-1,0,-1,0,-1,-1,-1,-1,0,-1,0,1,1,0,-1,1,1,0,-1,-1,0,1,0,0,0,0,-1,-1,0,0,-1,-1,0,-1,0,1,-1,0,0,-1,1,0,0,0,-1,0,-1,1,-1,1,-1,0
32,Italy,1983-06-26,-1,0,-1,0,-1,0,-1,0,-1,-1,-1,-1,0,-1,1,1,1,0,-1,1,1,0,-1,-1,0,1,0,0,0,0,-1,-1,0,0,-1,-1,0,-1,0,1,-1,0,0,-1,1,0,0,0,-1,0,-1,1,-1,1,-1,0
32,Italy,1987-06-14,-1,0,-1,0,-1,0,-1,0,-1,-1,-1,-1,0,-1,1,1,1,0,-1,1,1,0,-1,-1,0,1,0,0,0,0,-1,-1,0,0,-1,-1,0,-1,0,1,-1,0,0,-1,1,0,0,0,-1,0,-1,1,-1,1,-1,0
32,Italy,1992-04-06,-1,0,-1,0,-1,0,-1,0,-1,-1,-1,-1,0,-1,1,1,1,0,-1,1,1,0,-1,-1,0,1,0,0,0,1,-1,-1,0,0,-1,-1,-1,-1,-1,1,-1,0,0,-1,1,0,0,0,-1,1,-1,1,-1,1,-1,0
32,Italy,1994-03-28,-1,0,-1,0,-1,0,-1,0,-1,-1,-1,-1,0,-1,1,1,1,0,-1,1,1,0,-1,-1,0,1,0,0,0,1,-1,-1,0,0,-1,-1,-1,-1,-1,1,-1,0,0,-1,1,0,1,1,-1,0,-1,1,-1,1,-1,0
32,Italy,1996-04-21,-1,0,-1,0,-1,0,-1,0,-1,-1,-1,-1,0,-1,1,1,1,0,-1,1,1,0,-1,-1,0,1,0,0,0,1,-1,-1,0,0,-1,-1,-1,-1,-1,1,-1,0,0,-1,1,0,1,1,-1,0,-1,1,-1,1,-1,0
32,Italy,2001-05-13,-1,0,-1,0,-1,0,-1,-1,-1,-1,-1,-1,0,-1,1,1,1,0,-1,1,1,0,-1,-1,0,1,0,0,0,1,-1,-1,0,0,-1,-1,-1,-1,-1,1,-1,0,0,-1,1,0,0,0,-1,1,-1,1,-1,1,-1,0
32,Italy,2006-04-10,-1,0,-1,1,-1,-1,-1,-1,1,-1,-1,-1,0,1,1,1,0,0,1,1,1,0,-1,0,1,1,0,-1,1,0,-1,-1,1,-1,-1,-1,-1,-1,-1,1,0,1,0,-1,0,0,1,1,0,1,-1,1,-1,0,-1,-1
32,Italy,2008-04-13,-1,0,-1,1,-1,-1,-1,-1,1,-1,-1,-1,0,1,1,1,0,0,1,1,1,0,-1,0,1,1,0,-1,1,0,-1,-1,1,-1,-1,-1,-1,-1,-1,1,0,1,0,-1,0,0,1,1,0,1,-1,1,-1,0,-1,-1
32,Italy,2013-02-24,-1,0,-1,1,-1,-1,-1,-1,1,-1,-1,-1,0,1,1,1,0,0,1,1,1,0,-1,0,1,1,0,-1,1,0,-1,-1,1,-1,-1,-1,-1,-1,-1,1,0,1,0,-1,0,0,1,1,0,1,-1,1,-1,0,-1,-1
33,Spain,1977-06-15,1,0,-1,-1,-1,-1,-1,0,1,-1,-1,-1,0,0,0,1,1,0,-1,1,1,1,0,0,1,0,0,0,0,1,-1,-1,1,-1,-1,-1,0,-1,0,1,-1,0,1,0,1,-1,1,-1,0,1,-1,0,1,1,-1,-1
33,Spain,1979-03-01,1,0,-1,-1,-1,-1,-1,0,1,-1,-1,-1,0,0,0,1,1,0,-1,1,1,1,0,0,1,0,0,0,0,1,-1,-1,1,-1,-1,-1,0,-1,0,1,-1,0,1,0,1,-1,1,-1,0,1,-1,0,1,1,-1,-1
33,Spain,1982-10-28,1,0,-1,1,-1,-1,-1,0,1,-1,-1,-1,0,0,0,1,1,0,-1,1,1,1,0,0,1,0,0,0,0,1,-1,-1,1,-1,-1,-1,0,-1,0,1,-1,0,1,0,1,-1,1,-1,0,1,-1,0,1,1,-1,-1
33,Spain,1986-06-22,1,0,-1,1,-1,0,-1,0,1,-1,-1,-1,0,0,0,1,1,0,-1,1,1,1,0,0,1,0,0,0,0,1,-1,-1,1,-1,-1,-1,0,-1,0,1,-1,0,1,0,1,-1,1,-1,0,1,-1,0,1,1,-1,-1
33,Spain,1989-10-29,1,0,-1,1,-1,0,-1,0,1,-1,-1,-1,0,0,0,1,1,0,-1,1,1,1,0,0,1,0,0,0,0,1,-1,-1,1,-1,-1,-1,0,-1,0,1,-1,0,1,0,1,-1,1,-1,0,1,-1,0,1,1,-1,-1
33,Spain,1993-06-06,1,0,-1,1,-1,0,-1,0,1,-1,-1,-1,0,0,0,1,1,0,-1,1,1,1,0,0,1,0,0,0,0,1,-1,-1,1,-1,-1,-1,0,-1,0,1,-1,0,1,0,1,-1,1,-1,0,1,-1,0,1,1,-1,-1
33,Spain,1996-03-03,1,0,-1,1,-1,0,-1,0,1,-1,-1,-1,0,0,0,1,1,0,-1,1,1,1,0,0,1,0,0,0,0,1,-1,-1,1,-1,-1,-1,0,-1,0,1,-1,0,1,0,1,-1,1,-1,0,1,-1,0,1,1,-1,-1
33,Spain,2000-03-12,1,0,-1,1,-1,0,-1,0,1,-1,-1,-1,0,0,0,1,1,0,-1,1,1,1,0,0,1,0,0,0,0,1,-1,-1,1,-1,-1,-1,0,-1,0,1,-1,0,1,0,1,-1,1,-1,0,1,-1,0,1,1,-1,-1
33,Spain,2004-03-14,1,0,-1,1,-1,0,-1,0,1,-1,-1,-1,0,0,0,1,1,0,-1,1,1,1,0,0,1,0,0,0,0,1,-1,-1,1,-1,-1,-1,0,-1,0,1,-1,0,1,0,1,-1,1,-1,0,1,-1,0,1,1,-1,-1
33,Spain,2008-03-09,1,0,-1,1,-1,0,-1,0,1,-1,-1,-1,0,0,0,1,1,0,-1,1,1,1,0,0,1,0,0,0,0,1,-1,-1,1,-1,-1,-1,0,-1,0,1,-1,0,1,0,1,-1,1,-1,0,1,-1,0,1,1,-1,-1
33,Spain,2011-11-20,-1,0,-1,1,-1,-1,-1,0,0,-1,-1,-1,1,-1,0,1,1,0,1,1,1,1,-1,0,1,0,0,0,0,1,-1,-1,1,-1,-1,-1,0,-1,0,1,0,1,1,-1,1,-1,1,0,0,1,-1,0,1,1,-1,0
34,Greece,1974-11-17,0,0,-1,1,-1,0,0,0,-1,-1,-1,0,0,0,-1,0,-1,0,1,1,-1,-1,-1,-1,-1,-1,1,0,-1,-1,0,-1,1,0,-1,-1,-1,-1,-1,0,-1,0,1,-1,0,0,1,0,0,0,-1,0,-1,0,0,-1
34,Greece,1977-11-20,0,0,-1,1,-1,0,0,0,-1,-1,-1,0,0,0,-1,0,-1,0,1,1,-1,-1,-1,-1,-1,-1,1,0,-1,-1,0,-1,1,0,-1,-1,-1,-1,-1,0,-1,0,1,-1,0,0,1,0,0,0,-1,0,-1,0,0,-1
34,Greece,1981-10-18,0,0,-1,1,-1,0,0,0,-1,-1,-1,0,0,0,-1,0,-1,0,1,1,-1,-1,-1,-1,-1,-1,1,0,-1,-1,0,-1,1,0,-1,-1,-1,-1,-1,0,-1,0,1,-1,0,0,1,0,0,0,-1,0,-1,0,0,-1
34,Greece,1985-06-02,0,0,-1,1,-1,0,0,0,-1,-1,-1,0,0,0,-1,0,-1,0,1,1,-1,0,-1,-1,-1,-1,1,0,-1,-1,0,-1,1,0,-1,-1,-1,-1,-1,0,-1,0,1,-1,0,0,1,0,0,0,-1,0,-1,0,0,-1
34,Greece,1989-06-18,0,0,-1,1,-1,0,0,0,-1,-1,-1,0,0,0,-1,0,-1,0,1,1,-1,0,-1,-1,-1,-1,1,0,-1,-1,0,-1,1,0,-1,-1,-1,-1,-1,0,-1,0,1,-1,0,0,1,0,0,0,-1,0,-1,0,0,-1
34,Greece,1989-11-05,0,0,-1,1,-1,0,0,0,-1,-1,-1,0,0,0,-1,0,-1,0,1,1,-1,0,-1,-1,-1,-1,1,0,-1,-1,0,-1,1,0,-1,-1,-1,-1,-1,0,-1,0,1,-1,0,0,1,0,0,0,-1,0,-1,0,0,-1
34,Greece,1990-04-08,0,0,-1,1,-1,0,0,0,-1,-1,-1,0,0,0,-1,0,-1,0,1,1,-1,0,-1,-1,-1,-1,1,0,-1,-1,0,-1,1,0,-1,-1,-1,-1,-1,0,-1,0,1,-1,0,0,1,0,0,0,-1,0,-1,0,0,-1
34,Greece,1993-10-10,0,0,-1,1,-1,0,0,0,-1,-1,-1,0,0,0,-1,0,-1,0,1,1,-1,0,-1,-1,-1,-1,1,0,-1,-1,0,-1,1,0,-1,-1,-1,-1,-1,0,-1,0,1,-1,0,0,1,0,0,0,-1,0,-1,0,0,-1
34,Greece,1996-09-22,0,0,-1,1,-1,0,0,0,-1,-1,-1,0,0,0,-1,0,1,0,1,1,1,0,-1,-1,-1,-1,1,0,-1,-1,0,-1,1,0,-1,-1,0,-1,-1,0,0,0,1,-1,0,0,1,0,0,0,-1,0,-1,0,0,-1
34,Greece,2000-04-09,0,0,-1,1,-1,0,0,0,-1,-1,-1,0,0,0,-1,0,1,0,1,1,1,0,-1,-1,-1,-1,1,0,-1,-1,0,-1,1,0,-1,-1,0,-1,-1,0,0,0,1,-1,0,0,1,0,0,0,-1,0,-1,0,0,-1
34,Greece,2004-03-07,0,-1,-1,1,-1,0,0,0,-1,-1,-1,-1,0,1,-1,0,1,0,-1,1,1,0,0,-1,-1,-1,1,-1,1,-1,0,-1,1,-1,-1,0,-1,-1,-1,1,1,0,1,-1,0,0,1,-1,-1,1,-1,0,0,0,0,-1
35,Portugal,1975-04-25,1,1,-1,1,-1,-1,-1,0,1,-1,0,-1,-1,1,1,0,1,-1,-1,1,-1,-1,-1,1,-1,1,-1,0,1,0,0,-1,1,-1,1,1,0,1,-1,1,-1,1,1,0,1,-1,0,1,-1,0,-1,1,-1,-1,0,1
35,Portugal,1976-04-25,1,1,-1,1,-1,-1,-1,0,1,-1,0,-1,-1,1,1,0,1,-1,-1,1,-1,-1,-1,1,-1,1,-1,0,1,0,0,-1,1,-1,1,1,0,1,-1,1,-1,1,1,0,1,-1,0,1,-1,0,-1,1,-1,-1,0,1
35,Portugal,1979-12-02,1,1,-1,1,-1,-1,-1,0,1,-1,0,-1,-1,1,1,0,1,-1,-1,1,-1,-1,-1,1,-1,1,-1,0,1,0,0,-1,1,-1,1,1,0,1,-1,1,-1,1,1,0,1,-1,0,1,-1,0,-1,1,-1,-1,0,1
35,Portugal,1980-10-05,1,1,-1,1,-1,-1,-1,0,-1,-1,0,-1,-1,1,1,0,1,-1,-1,1,-1,-1,-1,1,-1,1,-1,0,1,0,0,-1,1,-1,1,1,0,1,-1,1,-1,1,1,0,1,-1,0,1,-1,0,-1,1,-1,-1,0,1
35,Portugal,1983-04-25,1,1,-1,1,-1,-1,-1,0,-1,-1,-1,-1,-1,1,1,0,1,-1,-1,1,-1,-1,-1,1,-1,1,0,0,1,0,0,-1,1,-1,1,-1,0,0,-1,1,-1,1,1,0,1,-1,0,0,-1,0,-1,1,-1,-1,0,1
35,Portugal,1985-10-06,1,1,-1,1,-1,-1,-1,0,-1,-1,-1,-1,-1,1,1,0,1,-1,-1,1,-1,-1,-1,1,-1,1,0,0,1,0,0,-1,1,-1,1,-1,0,0,-1,1,-1,1,1,0,1,-1,0,0,-1,0,-1,1,-1,-1,0,1
35,Portugal,1987-07-19,1,1,-1,1,-1,-1,-1,0,-1,-1,-1,-1,-1,1,1,0,1,-1,-1,1,-1,-1,-1,1,-1,1,0,0,1,0,0,-1,1,-1,1,-1,0,0,-1,1,-1,1,1,0,1,-1,0,0,-1,0,-1,1,-1,-1,0,1
35,Portugal,1991-10-06,1,1,-1,1,0,0,-1,0,-1,-1,-1,-1,-1,1,-1,0,1,-1,-1,1,1,-1,-1,1,-1,1,0,0,1,0,0,-1,1,-1,1,-1,0,-1,-1,1,0,1,1,0,1,-1,0,0,-1,0,-1,1,1,-1,0,-1
35,Portugal,1995-10-01,1,1,-1,1,0,0,-1,0,-1,-1,-1,-1,-1,1,-1,0,1,-1,-1,1,1,-1,-1,1,-1,1,0,0,1,0,0,-1,1,-1,1,-1,0,-1,-1,1,0,1,1,0,1,-1,0,0,-1,0,-1,1,1,-1,0,-1
35,Portugal,1999-10-10,1,1,-1,1,0,0,-1,0,-1,-1,-1,-1,-1,1,-1,0,1,-1,1,1,1,-1,-1,1,-1,1,0,0,1,0,0,-1,1,-1,1,-1,0,-1,-1,1,0,1,1,0,1,-1,0,0,-1,0,-1,1,1,-1,0,-1
35,Portugal,2002-03-17,1,1,-1,1,0,0,-1,0,-1,-1,-1,-1,-1,1,-1,0,1,-1,1,1,1,-1,-1,1,-1,1,0,0,1,0,0,-1,1,-1,1,-1,0,-1,-1,1,0,1,1,0,1,-1,0,0,-1,0,-1,1,1,-1,0,-1
35,Portugal,2005-02-20,1,1,-1,1,0,0,-1,0,-1,-1,-1,-1,-1,1,-1,0,1,-1,1,1,1,-1,-1,1,-1,1,0,0,1,0,0,-1,1,-1,1,-1,0,-1,-1,1,0,1,1,0,1,-1,0,0,-1,0,-1,1,1,-1,0,-1
35,Portugal,2009-09-27,-1,-1,-1,1,-1,-1,0,0,-1,-1,-1,0,-1,1,-1,1,1,-1,-1,1,1,-1,-1,-1,1,0,0,0,0,-1,-1,-1,1,-1,-1,-1,-1,-1,-1,1,0,1,1,0,1,-1,1,0,-1,-1,-1,0,1,-1,-1,0
35,Portugal,2011-06-05,-1,-1,-1,1,-1,-1,0,0,-1,-1,-1,0,-1,1,-1,1,1,-1,-1,1,1,-1,-1,-1,1,0,0,0,0,-1,-1,-1,1,-1,-1,-1,-1,-1,-1,1,0,1,1,0,1,-1,1,0,-1,-1,-1,0,1,-1,-1,0
41,Germany,1949-08-14,0,0,0,0,-1,0,-1,0,0,-1,-1,-1,0,-1,0,0,1,0,0,1,0,0,-1,-1,0,0,0,0,0,0,-1,0,1,-1,-1,0,0,-1,-1,1,0,0,1,-1,1,-1,0,1,-1,0,-1,0,0,0,-1,0
41,Germany,1953-09-06,0,0,0,0,-1,0,-1,0,0,-1,-1,-1,0,-1,0,0,1,0,0,1,0,0,-1,-1,0,0,0,0,0,0,-1,0,1,-1,-1,0,0,-1,-1,1,0,0,1,-1,1,-1,0,1,-1,0,-1,0,0,0,-1,0
41,Germany,1957-09-15,0,0,0,0,-1,0,-1,0,0,-1,-1,-1,0,-1,0,0,1,0,0,1,0,0,-1,-1,0,0,0,0,0,0,-1,0,1,-1,-1,0,0,-1,-1,1,0,0,1,-1,1,-1,0,1,-1,0,-1,0,0,0,-1,0
41,Germany,1961-09-17,0,0,0,0,-1,0,-1,0,0,-1,-1,-1,0,-1,0,0,1,0,0,1,0,0,-1,-1,0,0,0,0,0,0,-1,0,1,-1,-1,0,0,-1,-1,1,0,0,1,-1,1,-1,0,1,-1,0,-1,0,0,0,-1,0
41,Germany,1965-09-19,0,0,0,0,-1,0,-1,0,0,-1,-1,-1,0,-1,0,0,1,0,0,1,0,0,-1,-1,0,0,0,0,0,0,-1,0,1,-1,-1,0,0,-1,-1,1,0,0,1,-1,1,-1,0,1,-1,0,-1,0,0,0,-1,0
41,Germany,1969-09-28,0,0,0,0,-1,0,-1,0,0,-1,-1,-1,0,-1,0,0,1,0,0,1,0,0,-1,-1,0,0,0,0,0,0,-1,0,1,-1,-1,0,0,-1,-1,1,0,0,1,-1,1,-1,0,1,-1,0,-1,0,0,0,-1,0
41,Germany,1972-11-19,0,0,0,0,-1,0,-1,0,0,-1,-1,-1,0,-1,0,0,1,0,0,1,0,0,-1,-1,0,0,0,0,0,0,-1,0,1,-1,-1,0,0,-1,-1,1,0,0,1,-1,1,-1,0,1,-1,0,-1,0,0,0,-1,0
41,Germany,1976-10-03,0,0,0,0,-1,0,-1,0,0,-1,-1,-1,0,-1,0,0,1,0,0,1,0,0,-1,-1,0,0,0,0,0,0,-1,0,1,-1,-1,0,0,-1,-1,1,0,0,1,-1,1,-1,0,1,-1,0,-1,0,0,0,-1,0
41,Germany,1980-10-05,0,0,0,0,-1,0,-1,0,0,-1,-1,-1,0,-1,0,0,1,0,0,1,0,0,-1,-1,0,0,0,0,0,0,-1,0,1,-1,-1,0,0,-1,-1,1,0,0,1,-1,1,-1,0,1,-1,0,-1,0,0,0,-1,0
41,Germany,1983-03-06,0,0,0,0,-1,0,-1,0,0,-1,-1,-1,0,-1,0,0,1,0,0,1,0,0,-1,-1,0,0,0,0,0,0,-1,0,1,-1,-1,-1,0,-1,-1,1,0,0,1,-1,1,-1,0,1,-1,0,-1,0,0,0,-1,0
41,Germany,1987-01-25,0,0,0,0,-1,0,-1,0,0,-1,-1,-1,0,-1,0,0,1,0,0,1,0,0,-1,-1,0,0,0,0,0,0,-1,0,1,-1,-1,-1,0,-1,-1,1,0,0,1,-1,1,-1,0,1,-1,0,-1,0,0,0,-1,0
41,Germany,1990-12-02,0,0,0,0,-1,0,-1,0,0,-1,-1,-1,0,-1,0,0,1,0,0,1,0,0,-1,-1,0,0,0,0,0,0,-1,0,1,-1,-1,-1,0,-1,-1,1,0,0,1,-1,1,-1,0,1,-1,0,-1,0,0,0,-1,0
41,Germany,1994-10-16,0,0,0,0,-1,0,-1,0,0,-1,-1,-1,0,-1,0,0,1,0,0,1,0,0,-1,-1,0,0,0,0,0,0,-1,0,1,-1,-1,-1,0,-1,-1,1,0,0,1,-1,1,-1,0,1,-1,0,-1,0,0,0,-1,0
41,Germany,1998-09-27,0,0,0,0,-1,0,-1,0,0,-1,-1,-1,0,-1,0,0,1,0,0,1,0,0,-1,-1,0,0,0,0,0,0,-1,0,1,-1,-1,-1,0,-1,-1,1,0,0,1,-1,1,-1,0,1,-1,0,-1,0,0,0,-1,0
41,Germany,2002-09-22,0,0,0,0,-1,0,-1,0,0,-1,-1,-1,0,-1,0,0,1,0,0,1,0,0,-1,-1,0,0,0,0,0,0,-1,0,1,-1,-1,-1,0,-1,-1,1,0,0,1,-1,1,-1,0,1,-1,0,-1,0,0,0,-1,0
41,Germany,2005-09-18,0,0,0,0,-1,0,-1,0,0,1,-1,-1,0,-1,0,0,1,0,0,1,0,0,-1,-1,0,0,0,0,0,0,-1,0,1,-1,-1,-1,0,-1,-1,1,0,0,1,-1,1,-1,0,1,-1,0,-1,0,0,0,-1,0
41,Germany,2009-09-27,0,0,0,0,-1,0,-1,0,0,1,-1,-1,0,-1,0,0,1,0,0,1,0,0,-1,-1,0,0,0,0,0,0,-1,0,1,-1,-1,-1,0,-1,-1,1,0,0,1,-1,1,-1,0,1,-1,0,-1,0,0,0,-1,0
41,Germany,2013-09-22,0,0,0,0,-1,0,-1,0,0,1,-1,-1,0,-1,0,0,1,0,0,1,0,0,-1,-1,0,0,0,0,0,0,-1,0,1,-1,-1,-1,0,-1,-1,1,0,0,1,-1,1,-1,0,1,-1,0,-1,0,0,0,-1,0
42,Austria,1949-10-09,1,-1,0,0,-1,0,0,0,0,0,0,0,0,0,0,0,1,-1,0,1,1,-1,-1,0,0,1,-1,-1,0,-1,-1,-1,1,0,0,0,0,0,0,1,-1,1,1,0,1,-1,0,1,0,0,0,0,0,1,-1,-1
42,Austria,1953-02-22,1,-1,0,0,-1,0,0,0,0,0,0,0,0,0,0,0,1,-1,0,1,1,-1,-1,0,0,1,-1,-1,0,-1,-1,-1,1,0,0,0,0,0,0,1,-1,1,1,0,1,-1,0,1,0,0,0,0,0,1,-1,-1
42,Austria,1956-05-13,1,-1,0,0,-1,0,0,0,0,0,0,0,0,0,0,0,1,-1,0,1,1,-1,-1,0,0,1,-1,-1,0,-1,-1,-1,1,0,0,0,0,0,0,1,-1,1,1,0,1,-1,0,1,0,0,0,0,0,1,-1,-1
42,Austria,1959-05-10,1,-1,0,0,-1,0,0,0,0,0,0,0,0,0,0,0,1,-1,0,1,1,-1,-1,0,0,1,-1,-1,0,-1,-1,-1,1,0,0,0,0,0,0,1,-1,1,1,0,1,-1,0,1,0,0,0,0,0,1,-1,-1
42,Austria,1962-11-18,1,-1,0,0,-1,0,0,0,0,0,0,0,0,0,0,0,1,-1,0,1,1,-1,-1,0,0,1,-1,-1,0,-1,-1,-1,1,0,0,0,0,0,0,1,-1,1,1,0,1,-1,0,1,0,0,0,0,0,1,-1,-1
42,Austria,1966-03-06,1,-1,0,0,-1,0,0,0,0,0,0,0,0,0,0,0,1,-1,0,1,1,-1,-1,0,0,1,-1,-1,0,-1,-1,-1,1,0,0,0,0,0,0,1,-1,1,1,0,1,-1,0,1,0,0,0,0,0,1,-1,-1
42,Austria,1970-03-01,1,-1,0,0,-1,0,0,0,0,0,0,0,0,0,0,0,1,-1,0,1,1,-1,-1,0,0,1,-1,-1,0,-1,-1,-1,1,0,0,0,0,0,0,1,-1,1,1,0,1,-1,0,1,0,0,0,0,0,1,-1,-1
42,Austria,1971-10-10,1,-1,0,0,-1,0,0,0,0,0,0,0,0,0,0,0,1,-1,0,1,1,-1,-1,0,0,1,-1,-1,0,-1,-1,-1,1,0,0,0,0,0,0,1,-1,1,1,0,1,-1,0,1,0,0,0,0,0,1,-1,-1
42,Austria,1975-10-05,1,-1,0,0,-1,0,0,0,0,0,0,0,0,0,0,0,1,-1,0,1,1,-1,-1,0,0,1,-1,-1,0,-1,-1,-1,1,0,0,0,0,0,0,1,-1,1,1,0,1,-1,0,1,0,0,0,0,0,1,-1,-1
42,Austria,1979-05-06,1,-1,0,0,-1,0,0,0,0,0,0,0,0,0,0,0,1,-1,0,1,1,-1,-1,0,0,1,-1,-1,0,-1,-1,-1,1,0,0,0,0,0,0,1,-1,1,1,0,1,-1,0,1,0,0,0,0,0,1,-1,-1
42,Austria,1983-04-24,1,-1,0,0,-1,0,0,0,0,0,0,0,0,0,0,0,1,-1,0,1,1,-1,-1,0,0,1,-1,-1,0,-1,-1,-1,1,0,0,0,0,0,0,1,-1,1,1,0,1,-1,0,1,0,0,0,0,0,1,-1,-1
42,Austria,1986-11-23,0,0,0,1,-1,-1,-1,0,0,0,0,0,1,1,1,0,0,1,0,1,1,0,0,-1,0,0,0,-1,0,0,0,-1,1,-1,-1,-1,-1,-1,-1,1,0,0,1,-1,1,0,0,0,0,1,0,0,0,-1,-1,0
42,Austria,1990-10-07,0,0,0,1,-1,-1,-1,0,0,0,0,0,1,1,1,0,0,1,0,1,1,0,0,-1,0,0,0,-1,0,0,0,-1,1,-1,-1,-1,-1,-1,-1,1,0,0,1,-1,1,0,0,0,0,1,0,0,0,-1,-1,0
42,Austria,1994-10-09,0,0,0,1,-1,-1,-1,0,0,0,0,0,1,1,1,0,0,1,0,1,1,0,0,-1,0,0,0,-1,0,0,0,-1,1,-1,-1,-1,-1,-1,-1,1,0,0,1,-1,1,0,1,0,0,1,0,0,0,-1,-1,0
42,Austria,1995-12-17,0,0,0,1,-1,-1,-1,0,0,0,0,0,1,1,1,0,0,1,0,1,1,0,0,-1,0,0,0,-1,0,0,0,-1,1,-1,-1,-1,-1,-1,-1,1,0,0,1,-1,1,0,1,0,0,1,0,0,0,-1,-1,0
42,Austria,1999-10-03,0,0,0,1,-1,-1,-1,0,0,0,0,0,1,1,1,0,0,1,0,1,1,0,0,-1,0,0,0,-1,0,0,0,-1,1,-1,-1,-1,-1,-1,-1,1,0,0,1,-1,1,0,1,0,0,1,0,0,0,-1,-1,0
42,Austria,2002-11-24,0,0,0,1,-1,-1,-1,0,0,0,0,0,1,1,1,0,0,1,0,1,1,0,0,-1,0,0,0,-1,0,0,0,-1,1,-1,-1,-1,-1,-1,-1,1,0,0,1,-1,1,0,1,0,0,1,0,0,0,-1,-1,0
42,Austria,2006-10-01,1,0,0,1,-1,-1,-1,-1,0,1,-1,-1,1,1,1,0,0,1,-1,1,1,-1,0,-1,0,0,0,0,1,-1,1,-1,1,-1,-1,-1,-1,-1,-1,1,-1,0,1,-1,1,-1,1,0,0,1,0,0,0,1,-1,0
42,Austria,2008-09-28,1,0,0,1,-1,-1,-1,-1,0,1,-1,-1,1,1,1,0,0,1,-1,1,1,-1,0,-1,0,0,0,0,1,-1,1,-1,1,-1,-1,-1,-1,-1,-1,1,-1,0,1,-1,1,-1,1,0,0,1,0,0,0,1,-1,0
43,Switzerland,1947-10-26,0,-1,-1,1,-1,-1,-1,-1,1,1,-1,-1,-1,1,1,0,1,-1,1,1,1,1,-1,0,1,0,0,-1,1,1,-1,-1,1,-1,-1,0,-1,-1,-1,1,0,1,1,-1,1,-1,1,-1,-1,0,-1,1,1,1,-1,-1
43,Switzerland,1951-10-28,0,-1,-1,1,-1,-1,-1,-1,1,1,-1,-1,-1,1,1,0,1,-1,1,1,1,1,-1,0,1,0,0,-1,1,1,-1,-1,1,-1,-1,0,-1,-1,-1,1,0,1,1,-1,1,-1,1,-1,-1,0,-1,1,1,1,-1,-1
43,Switzerland,1955-10-30,0,-1,-1,1,-1,-1,-1,-1,1,1,-1,-1,-1,1,1,0,1,-1,1,1,1,1,-1,0,1,0,0,-1,1,1,-1,-1,1,-1,-1,0,-1,-1,-1,1,0,1,1,-1,1,-1,1,-1,-1,0,-1,1,1,1,-1,-1
43,Switzerland,1959-10-25,0,-1,-1,1,-1,-1,-1,-1,1,1,-1,-1,-1,1,1,0,1,-1,1,1,1,1,-1,0,1,0,0,-1,1,1,-1,-1,1,-1,-1,0,-1,-1,-1,1,0,1,1,-1,1,-1,1,-1,-1,0,-1,1,1,1,-1,-1
43,Switzerland,1963-10-27,0,-1,-1,1,-1,-1,-1,-1,1,1,-1,-1,-1,1,1,0,1,-1,1,1,1,1,-1,0,1,0,0,-1,1,1,-1,-1,1,-1,-1,0,-1,-1,-1,1,0,1,1,-1,1,-1,1,-1,-1,0,-1,1,1,1,-1,-1
43,Switzerland,1967-10-29,0,-1,-1,1,-1,-1,-1,-1,1,1,-1,-1,-1,1,1,0,1,-1,1,1,1,1,-1,0,1,0,0,-1,1,1,-1,-1,1,-1,-1,0,-1,-1,-1,1,0,1,1,-1,1,-1,1,-1,-1,0,-1,1,1,1,-1,-1
43,Switzerland,1971-10-31,0,-1,-1,1,-1,-1,-1,-1,1,1,-1,-1,-1,1,1,0,1,-1,1,1,1,1,-1,0,1,0,0,-1,1,1,-1,-1,1,-1,-1,0,-1,-1,-1,1,0,1,1,-1,1,-1,1,-1,-1,0,-1,1,1,1,-1,-1
43,Switzerland,1975-10-26,0,-1,-1,1,-1,-1,-1,-1,1,1,-1,-1,-1,1,1,0,1,-1,1,1,1,1,-1,0,1,0,0,-1,1,1,-1,-1,1,-1,-1,0,-1,-1,-1,1,0,1,1,-1,1,-1,1,-1,-1,0,-1,1,1,1,-1,-1
43,Switzerland,1979-10-21,0,-1,-1,1,-1,-1,-1,-1,1,1,-1,-1,-1,1,1,0,1,-1,1,1,1,1,-1,0,1,0,0,-1,1,1,-1,-1,1,-1,-1,0,-1,-1,-1,1,0,1,1,-1,1,-1,1,-1,-1,0,-1,1,1,1,-1,-1
43,Switzerland,1983-10-23,0,-1,-1,1,-1,-1,-1,-1,1,1,-1,-1,-1,1,1,0,1,-1,1,1,1,1,-1,0,1,0,0,-1,1,1,-1,-1,1,-1,-1,0,-1,-1,-1,1,0,1,1,-1,1,-1,1,-1,-1,0,-1,1,1,1,-1,-1
43,Switzerland,1987-10-18,0,-1,-1,1,-1,-1,-1,-1,1,1,-1,-1,-1,1,1,0,1,-1,1,1,1,1,-1,0,1,0,0,-1,1,1,-1,-1,1,-1,-1,0,-1,-1,-1,1,0,1,1,-1,1,-1,1,-1,-1,0,-1,1,1,1,-1,-1
43,Switzerland,1991-10-20,0,-1,-1,1,-1,-1,-1,-1,0,1,-1,-1,-1,1,1,0,1,-1,1,1,1,1,-1,0,1,0,0,-1,1,1,-1,-1,1,-1,-1,0,-1,-1,-1,1,-1,1,1,-1,1,-1,1,-1,-1,0,-1,1,1,1,-1,-1
43,Switzerland,1995-10-22,0,-1,-1,1,-1,-1,-1,-1,0,1,-1,-1,-1,1,1,0,1,-1,1,1,1,1,-1,0,1,0,0,-1,1,1,-1,-1,1,-1,-1,0,-1,-1,-1,1,-1,1,1,-1,1,-1,1,-1,-1,0,-1,1,1,1,-1,-1
43,Switzerland,1999-10-24,0,-1,-1,1,-1,-1,-1,-1,0,1,-1,-1,-1,1,1,0,1,-1,1,1,1,1,-1,0,1,0,1,-1,1,1,-1,-1,1,-1,-1,0,-1,-1,-1,1,-1,1,1,-1,1,-1,1,-1,-1,0,-1,1,1,1,-1,-1
43,Switzerland,2003-10-19,0,-1,-1,1,-1,-1,-1,-1,0,1,-1,-1,-1,1,1,0,1,-1,1,1,1,1,-1,0,1,0,1,-1,1,1,-1,-1,1,-1,-1,0,-1,-1,-1,1,-1,1,1,-1,1,-1,1,-1,-1,0,-1,1,1,1,-1,-1
43,Switzerland,2007-10-21,-1,-1,-1,1,-1,-1,-1,-1,1,1,-1,0,-1,1,1,-1,1,1,1,1,1,-1,-1,-1,1,0,1,-1,1,1,-1,-1,1,-1,-1,-1,-1,-1,-1,1,0,1,1,-1,1,-1,1,-1,-1,0,-1,1,1,1,-1,-1
43,Switzerland,2011-10-23,-1,-1,-1,1,-1,-1,-1,-1,1,1,-1,0,-1,1,1,-1,1,1,1,1,1,-1,-1,-1,1,0,1,-1,1,1,-1,-1,1,-1,-1,-1,-1,-1,-1,1,0,1,1,-1,1,-1,1,-1,-1,0,-1,1,1,1,-1,-1
51,Great Britain,1945-07-05,0,0,0,1,-1,-1,-1,-1,0,0,1,-1,0,0,0,0,1,0,0,1,1,-1,-1,0,0,1,0,0,1,0,-1,-1,1,0,-1,0,0,0,-1,0,0,0,1,0,1,0,1,0,0,0,-1,1,1,0,1,0
51,Great Britain,1950-02-23,0,0,0,1,-1,-1,-1,-1,0,0,1,-1,0,0,0,0,1,0,0,1,1,-1,-1,0,0,1,0,0,1,0,-1,-1,1,0,-1,0,0,0,-1,0,0,0,1,0,1,0,1,0,0,0,-1,1,1,0,1,0
51,Great Britain,1951-10-25,0,0,0,1,-1,-1,-1,-1,0,0,1,-1,0,0,0,0,1,0,0,1,1,-1,-1,0,0,1,0,0,1,0,-1,-1,1,0,-1,0,0,0,-1,0,0,0,1,0,1,0,1,0,0,0,-1,1,1,0,1,0
51,Great Britain,1955-05-26,0,0,0,1,-1,-1,-1,-1,0,0,1,-1,0,0,0,0,1,0,0,1,1,-1,-1,0,0,1,0,0,1,0,-1,-1,1,0,-1,0,0,0,-1,0,0,0,1,0,1,0,1,0,0,0,-1,1,1,0,1,0
51,Great Britain,1959-10-08,0,0,0,1,-1,-1,-1,-1,0,0,1,-1,0,0,0,0,1,0,0,1,1,-1,-1,0,0,1,0,0,1,0,-1,-1,1,0,-1,0,0,0,-1,0,0,0,1,0,1,0,1,0,0,0,-1,1,1,0,1,0
51,Great Britain,1964-10-15,0,0,0,1,-1,-1,-1,-1,0,0,1,-1,0,0,0,0,1,0,0,1,1,-1,-1,0,0,1,0,0,1,0,-1,-1,1,0,-1,0,0,0,-1,0,0,0,1,0,1,0,1,0,0,0,-1,1,1,0,1,0
51,Great Britain,1966-03-31,0,0,0,1,-1,-1,-1,-1,0,0,1,-1,0,0,0,0,1,0,0,1,1,-1,-1,0,0,1,0,0,1,0,-1,-1,1,0,-1,0,0,0,-1,0,0,0,1,0,1,0,1,0,0,0,-1,1,1,0,1,0
51,Great Britain,1970-06-18,0,0,0,1,-1,-1,-1,-1,0,0,1,-1,0,0,0,0,1,0,0,1,1,-1,-1,0,0,1,0,0,1,0,-1,-1,1,0,-1,0,0,0,-1,0,0,0,1,0,1,0,1,0,0,0,-1,1,1,0,1,0
51,Great Britain,1974-02-28,0,0,0,1,-1,-1,-1,-1,0,0,1,-1,0,0,0,0,1,0,0,1,1,-1,-1,0,0,1,0,0,1,0,-1,-1,1,0,-1,0,0,0,-1,0,0,0,1,0,1,0,1,0,0,0,-1,1,1,0,1,0
51,Great Britain,1974-10-10,0,0,0,1,-1,-1,-1,-1,0,0,1,-1,0,0,0,0,1,0,0,1,1,-1,-1,0,0,1,0,0,1,0,-1,-1,1,0,-1,0,0,0,-1,0,0,0,1,0,1,0,1,0,0,0,-1,1,1,0,1,0
51,Great Britain,1979-05-03,0,0,0,1,-1,-1,-1,-1,0,0,1,-1,0,0,0,0,1,0,0,1,1,-1,-1,0,0,1,0,0,1,0,-1,-1,1,0,-1,0,0,0,-1,0,0,0,1,0,1,0,1,0,0,0,-1,1,1,0,1,0
51,Great Britain,1983-06-09,0,0,0,1,-1,-1,-1,-1,0,0,1,-1,0,0,0,0,1,0,0,1,1,-1,-1,0,0,1,0,0,1,0,-1,-1,1,0,-1,0,0,0,-1,0,0,0,1,0,1,0,1,0,0,0,-1,1,1,0,1,0
51,Great Britain,1987-06-11,0,0,0,1,-1,-1,-1,-1,0,0,1,-1,0,0,0,0,1,0,0,1,1,-1,-1,0,0,1,0,0,1,0,-1,-1,1,0,-1,0,0,0,-1,0,0,0,1,0,1,0,1,0,0,0,-1,1,1,0,1,0
51,Great Britain,1992-04-09,0,0,0,1,-1,-1,-1,-1,0,0,1,-1,0,0,0,0,1,0,0,1,1,-1,-1,0,0,1,0,0,1,0,-1,-1,1,0,-1,-1,-1,0,-1,0,-1,0,1,0,1,0,1,0,0,0,-1,1,1,0,1,0
51,Great Britain,1997-05-01,0,0,0,1,-1,-1,-1,-1,0,0,1,-1,0,0,0,0,1,0,0,1,1,-1,-1,0,0,1,0,0,1,0,-1,-1,1,0,-1,-1,-1,0,-1,0,-1,0,1,0,1,0,1,0,0,0,-1,1,1,0,1,0
51,Great Britain,2001-06-07,0,0,0,1,-1,-1,-1,-1,0,0,1,-1,0,0,0,0,1,0,0,1,1,-1,-1,0,0,1,0,0,1,0,-1,-1,1,0,-1,-1,-1,0,-1,0,-1,0,1,0,1,0,1,0,0,0,-1,1,1,0,1,0
51,Great Britain,2005-05-05,-1,-1,-1,0,-1,-1,0,-1,1,1,1,0,1,-1,-1,1,1,1,1,1,1,0,-1,-1,0,1,0,0,-1,-1,0,-1,0,0,-1,-1,-1,-1,-1,1,-1,1,1,-1,0,-1,1,0,-1,1,-1,1,1,-1,0,0
51,Great Britain,2010-05-06,-1,-1,-1,0,-1,-1,0,-1,1,1,1,0,1,-1,-1,1,1,1,1,1,1,0,-1,-1,0,1,0,0,-1,-1,0,-1,0,0,-1,-1,-1,-1,-1,1,-1,1,1,-1,0,-1,1,0,-1,1,-1,1,1,-1,0,0
53,Ireland,1948-02-04,-1,0,-1,1,-1,0,0,1,0,-1,-1,1,1,-1,-1,0,1,1,1,1,1,-1,-1,0,-1,1,1,-1,0,1,-1,-1,1,0,-1,-1,1,-1,-1,1,1,1,1,0,1,-1,1,0,1,0,-1,1,1,0,-1,1
53,Ireland,1951-05-30,-1,0,-1,1,-1,0,0,1,0,-1,-1,1,1,-1,-1,0,1,1,1,1,1,-1,-1,0,-1,1,1,-1,0,1,-1,-1,1,0,-1,-1,1,-1,-1,1,1,1,1,0,1,-1,1,0,1,0,-1,1,1,0,-1,1
53,Ireland,1954-04-18,-1,0,-1,1,-1,0,0,1,0,-1,-1,1,1,-1,-1,0,1,1,1,1,1,-1,-1,0,-1,1,1,-1,0,1,-1,-1,1,0,-1,-1,1,-1,-1,1,1,1,1,0,1,-1,1,0,1,0,-1,1,1,0,-1,1
53,Ireland,1957-03-05,-1,0,-1,1,-1,0,0,1,0,-1,-1,1,1,-1,-1,0,1,1,1,1,1,-1,-1,0,-1,1,1,-1,0,1,-1,-1,1,0,-1,-1,1,-1,-1,1,1,1,1,0,1,-1,1,0,1,0,-1,1,1,0,-1,1
53,Ireland,1961-10-04,-1,0,-1,1,-1,0,0,1,0,-1,-1,1,1,-1,-1,0,1,1,1,1,1,-1,-1,0,-1,1,1,-1,0,1,-1,-1,1,0,-1,-1,1,-1,-1,1,1,1,1,0,1,-1,1,0,1,0,-1,1,1,0,-1,1
53,Ireland,1965-04-07,-1,0,-1,1,-1,0,0,1,0,-1,-1,1,1,-1,-1,0,1,1,1,1,1,-1,-1,0,-1,1,1,-1,0,1,-1,-1,1,0,-1,-1,1,-1,-1,1,1,1,1,0,1,-1,1,0,1,0,-1,1,1,0,-1,1
53,Ireland,1969-06-16,-1,0,-1,1,-1,0,0,1,0,-1,-1,1,1,-1,-1,0,1,0,1,1,1,-1,-1,0,-1,1,0,-1,0,1,-1,-1,1,0,-1,-1,0,-1,-1,1,0,1,1,0,1,-1,1,0,-1,0,-1,1,1,0,-1,1
53,Ireland,1973-02-28,-1,0,-1,1,-1,0,0,1,0,-1,-1,1,1,-1,-1,0,1,0,1,1,1,0,-1,0,-1,1,0,-1,0,1,-1,-1,1,0,-1,-1,0,-1,-1,1,0,1,1,0,1,-1,1,0,-1,0,-1,1,1,0,-1,1
53,Ireland,1977-06-16,-1,0,-1,1,-1,0,0,1,0,-1,-1,1,1,-1,-1,0,1,0,1,1,1,0,-1,0,-1,1,0,-1,0,1,-1,-1,1,0,-1,-1,0,-1,-1,1,0,1,1,0,1,-1,1,0,-1,0,-1,1,1,0,-1,1
53,Ireland,1981-06-11,-1,0,-1,1,-1,0,0,1,0,-1,-1,1,1,-1,-1,0,1,0,1,1,1,0,-1,0,-1,1,-1,-1,0,1,-1,-1,1,0,-1,-1,0,-1,-1,1,-1,1,1,0,1,-1,0,0,-1,0,-1,1,1,0,-1,1
53,Ireland,1982-02-18,-1,0,-1,1,-1,0,0,1,0,-1,-1,1,1,-1,-1,0,1,0,1,1,1,0,-1,0,-1,1,-1,-1,0,1,-1,-1,1,0,-1,-1,0,-1,-1,1,-1,1,1,0,1,-1,0,0,-1,0,-1,1,1,0,-1,1
53,Ireland,1982-11-24,-1,0,-1,1,-1,0,0,1,0,-1,-1,1,1,-1,-1,0,1,0,1,1,1,0,-1,0,-1,1,-1,-1,0,1,-1,-1,1,0,-1,-1,0,-1,-1,1,-1,1,1,0,1,-1,0,0,-1,0,-1,1,1,0,-1,1
53,Ireland,1987-02-17,-1,0,-1,1,-1,0,0,1,0,-1,-1,1,1,-1,-1,0,1,0,1,1,1,0,-1,0,-1,1,-1,-1,0,1,-1,-1,1,0,-1,-1,0,-1,-1,1,-1,1,1,0,1,-1,0,0,-1,0,-1,1,1,0,-1,1
53,Ireland,1989-06-15,-1,0,-1,1,-1,0,0,1,0,-1,-1,1,1,-1,-1,0,1,-1,1,1,1,0,-1,0,-1,1,-1,-1,0,1,-1,-1,1,0,-1,-1,0,-1,-1,1,-1,1,1,0,1,-1,0,0,-1,0,-1,1,1,0,-1,1
53,Ireland,1992-11-25,-1,0,-1,1,-1,0,0,1,0,-1,-1,1,1,-1,-1,0,1,-1,1,1,1,0,-1,0,-1,1,-1,-1,0,1,-1,-1,1,0,-1,-1,0,-1,-1,1,-1,1,1,0,1,-1,0,0,0,0,-1,1,1,0,-1,0
53,Ireland,1997-06-06,-1,0,-1,1,-1,0,0,1,0,-1,-1,1,1,-1,-1,0,1,-1,1,1,1,0,-1,0,-1,1,-1,-1,0,1,-1,-1,1,0,-1,-1,0,-1,-1,1,-1,1,1,0,1,-1,0,0,0,0,-1,1,1,0,-1,0
53,Ireland,2002-05-17,-1,0,-1,1,-1,0,0,1,0,-1,-1,1,1,-1,-1,0,1,-1,1,1,1,0,-1,0,-1,1,-1,-1,0,1,-1,-1,1,0,-1,-1,0,-1,-1,1,-1,1,1,0,1,-1,0,0,0,0,-1,1,1,0,-1,0
53,Ireland,2007-05-24,0,0,-1,1,-1,0,-1,1,-1,-1,-1,0,1,-1,1,0,0,0,-1,1,1,0,-1,0,-1,1,-1,-1,0,1,-1,-1,1,-1,-1,-1,0,-1,-1,1,0,0,1,-1,1,-1,1,-1,1,0,-1,1,1,0,0,0
53,Ireland,2011-02-25,0,0,-1,1,-1,0,-1,1,-1,-1,-1,0,1,-1,1,0,0,0,-1,1,1,0,-1,0,-1,1,-1,-1,0,1,-1,-1,1,-1,-1,-1,0,-1,-1,1,0,0,1,-1,1,-1,1,-1,1,0,-1,1,1,0,0,0
61,United States,1948-11-02,0,0,0,1,-1,0,0,0,1,0,0,-1,0,0,1,0,0,0,0,1,0,-1,0,0,1,0,-1,-1,0,0,0,0,1,0,0,-1,0,-1,-1,1,-1,1,1,0,1,-1,0,0,0,0,0,1,0,0,0,0
61,United States,1952-11-04,0,0,0,1,-1,0,0,0,1,0,0,-1,0,0,1,0,0,0,0,1,0,-1,0,0,1,0,-1,-1,0,0,0,0,1,0,0,-1,0,-1,-1,1,-1,1,1,0,1,-1,0,0,0,0,0,1,0,0,0,0
61,United States,1956-11-06,0,0,0,1,-1,0,0,0,1,0,0,-1,0,0,1,0,0,0,0,1,0,-1,0,0,1,0,-1,-1,0,0,0,0,1,0,0,-1,0,-1,-1,1,-1,1,1,0,1,-1,0,0,0,0,0,1,0,0,0,0
61,United States,1960-11-08,0,0,0,1,-1,0,0,0,1,0,0,-1,0,0,1,0,0,0,0,1,0,-1,0,0,1,0,-1,-1,0,0,0,0,1,0,0,-1,0,-1,-1,1,-1,1,1,0,1,-1,0,0,0,0,0,1,0,0,0,0
61,United States,1964-11-03,0,0,0,1,-1,0,0,0,1,0,0,-1,0,0,1,0,0,0,0,1,0,-1,0,0,1,0,-1,-1,0,0,0,0,1,0,0,-1,0,-1,-1,1,-1,1,1,0,1,-1,0,0,0,0,0,1,0,0,0,0
61,United States,1968-11-05,0,0,0,1,-1,0,0,0,1,0,0,-1,0,0,1,0,0,0,0,1,0,-1,0,0,1,0,-1,-1,0,0,0,0,1,0,0,-1,0,-1,-1,1,-1,1,1,0,1,-1,0,0,0,0,0,1,0,0,0,0
61,United States,1972-11-07,0,0,0,1,-1,0,0,0,1,0,-1,-1,0,0,1,0,0,0,0,1,0,-1,0,0,1,0,-1,-1,0,0,0,0,1,0,0,-1,0,-1,-1,1,-1,1,1,0,1,-1,0,0,0,0,0,1,0,0,0,0
61,United States,1976-11-02,0,0,0,1,-1,0,0,0,1,0,-1,-1,0,0,1,0,0,0,0,1,0,-1,0,0,1,0,-1,-1,0,0,0,0,1,0,0,-1,0,-1,-1,1,-1,1,1,0,1,-1,0,0,0,0,0,1,0,0,-1,0
61,United States,1980-11-04,0,0,0,1,-1,0,0,0,1,0,-1,-1,0,0,1,0,0,0,0,1,1,-1,0,0,1,0,-1,-1,0,0,0,0,1,0,0,-1,0,-1,-1,1,-1,1,1,0,1,-1,0,0,0,0,0,1,0,0,-1,0
61,United States,1984-11-06,0,0,0,1,-1,0,0,0,1,0,-1,-1,0,0,1,0,0,0,0,1,1,-1,0,0,1,0,-1,-1,0,0,0,0,1,0,0,-1,0,-1,-1,1,-1,1,1,0,1,-1,0,0,0,0,0,1,0,0,-1,0
61,United States,1988-11-08,0,0,0,1,-1,0,0,0,1,0,-1,-1,0,0,1,0,0,0,0,1,1,-1,0,0,1,0,-1,-1,0,0,0,0,1,0,0,-1,0,-1,-1,1,-1,1,1,0,1,-1,0,0,0,0,0,1,0,0,-1,0
61,United States,1992-11-03,0,0,0,1,-1,0,0,0,1,0,-1,-1,0,0,1,0,0,0,0,1,1,-1,0,0,1,0,-1,-1,0,0,0,0,1,0,0,-1,0,-1,-1,1,-1,1,1,0,1,-1,0,0,0,0,0,1,0,0,-1,0
61,United States,1996-11-05,0,0,0,1,-1,0,0,0,1,0,1,-1,0,0,1,0,0,0,0,1,1,-1,0,0,1,0,-1,-1,0,0,0,0,1,0,0,-1,0,-1,-1,1,-1,1,1,0,1,-1,0,0,0,0,0,1,0,0,-1,0
61,United States,2000-11-07,0,0,0,1,-1,0,0,0,1,0,1,-1,0,0,1,0,0,0,0,1,1,-1,0,0,1,0,-1,-1,0,0,0,0,1,0,0,-1,0,-1,-1,1,-1,1,1,0,1,-1,0,0,0,0,0,1,0,0,-1,0
61,United States,2004-11-02,0,0,0,1,-1,0,0,0,1,0,1,-1,0,0,1,0,0,0,0,1,1,-1,0,0,1,0,-1,-1,0,0,0,0,1,0,0,-1,0,-1,-1,1,-1,1,1,0,1,-1,0,0,0,0,0,1,0,0,-1,0
61,United States,2008-11-04,0,0,0,1,-1,0,0,0,1,0,1,-1,0,0,1,0,0,0,0,1,1,-1,0,0,1,0,-1,-1,0,0,0,0,1,0,0,-1,0,-1,-1,1,-1,1,1,0,1,-1,0,0,0,0,0,1,0,0,-1,0
61,United States,2012-11-06,0,0,0,0,-1,0,0,0,1,1,0,-1,0,0,0,0,1,0,0,1,1,-1,0,-1,0,0,0,-1,0,1,-1,0,0,0,0,-1,-1,-1,-1,1,0,0,0,0,1,-1,0,0,0,0,0,0,1,0,0,0
62,Canada,1945-06-11,1,0,-1,1,-1,-1,-1,0,0,0,1,1,0,1,1,0,1,1,1,1,1,-1,-1,0,0,0,1,0,1,1,-1,-1,1,0,0,-1,-1,-1,-1,1,0,0,1,-1,1,0,1,1,-1,1,0,0,0,0,-1,-1
62,Canada,1949-06-27,1,0,-1,1,-1,-1,-1,0,0,0,1,1,0,1,1,0,1,1,1,1,1,-1,-1,0,0,0,1,0,1,1,-1,-1,1,0,0,-1,-1,-1,-1,1,0,0,1,-1,1,0,1,1,-1,1,0,0,0,0,-1,-1
62,Canada,1953-08-10,1,0,-1,1,-1,-1,-1,0,0,0,1,1,0,1,1,0,1,1,1,1,1,-1,-1,0,0,0,1,0,1,1,-1,-1,1,0,0,-1,-1,-1,-1,1,0,0,1,-1,1,0,1,1,-1,1,0,0,0,0,-1,-1
62,Canada,1957-06-10,1,0,-1,1,-1,-1,-1,0,0,0,1,1,0,1,1,0,1,1,1,1,1,-1,-1,0,0,0,1,0,1,1,-1,-1,1,0,0,-1,-1,-1,-1,1,0,0,1,-1,1,0,1,1,-1,1,0,0,0,0,-1,-1
62,Canada,1958-03-31,1,0,-1,1,-1,-1,-1,0,0,0,1,1,0,1,1,0,1,1,1,1,1,-1,-1,0,0,0,1,0,1,1,-1,-1,1,0,0,-1,-1,-1,-1,1,0,0,1,-1,1,0,1,1,-1,1,0,0,0,0,-1,-1
62,Canada,1962-06-18,1,0,-1,1,-1,-1,-1,0,0,0,1,1,0,1,1,0,1,1,1,1,1,-1,-1,0,0,0,1,0,1,1,-1,-1,1,0,0,-1,-1,-1,-1,1,0,0,1,-1,1,0,1,1,-1,1,0,0,0,0,-1,-1
62,Canada,1963-04-08,1,0,-1,1,-1,-1,-1,0,0,0,1,1,0,1,1,0,1,1,1,1,1,-1,-1,0,0,0,1,0,1,1,-1,-1,1,0,0,-1,-1,-1,-1,1,0,0,1,-1,1,0,1,1,-1,1,0,0,0,0,-1,-1
62,Canada,1965-11-08,1,0,-1,1,-1,-1,-1,0,0,0,1,1,0,1,1,0,1,1,1,1,1,-1,-1,0,0,0,1,0,1,1,-1,-1,1,0,0,-1,-1,-1,-1,1,0,0,1,-1,1,0,1,1,-1,1,0,0,0,0,-1,-1
62,Canada,1968-06-25,1,0,-1,1,-1,-1,-1,0,0,0,1,1,0,1,1,0,1,1,1,1,1,-1,-1,0,0,0,1,0,1,1,-1,-1,1,0,0,-1,-1,-1,-1,1,0,0,1,-1,1,0,1,1,-1,1,0,0,0,0,-1,-1
62,Canada,1972-10-30,1,0,-1,1,-1,-1,-1,0,0,0,1,1,0,1,1,0,1,1,1,1,1,-1,-1,0,0,0,1,0,1,1,-1,-1,1,0,0,-1,-1,-1,-1,1,0,0,1,-1,1,0,1,1,-1,1,0,0,0,0,-1,-1
62,Canada,1974-07-08,1,0,-1,1,-1,-1,-1,0,0,0,1,1,0,1,1,0,1,1,1,1,1,-1,-1,0,0,0,1,0,1,1,-1,-1,1,0,0,-1,-1,-1,-1,1,0,0,1,-1,1,0,1,1,-1,1,0,0,0,0,-1,-1
62,Canada,1979-05-22,1,0,-1,1,-1,-1,-1,0,0,0,1,1,0,1,1,0,1,1,1,1,1,-1,-1,0,0,0,1,0,1,1,-1,-1,1,0,0,-1,-1,-1,-1,1,0,0,1,-1,1,0,1,1,-1,1,0,0,0,0,-1,-1
62,Canada,1980-02-18,1,0,-1,1,-1,-1,-1,0,0,0,1,1,0,1,1,0,1,1,1,1,1,-1,-1,0,0,0,1,0,1,1,-1,-1,1,0,0,-1,-1,-1,-1,1,0,0,1,-1,1,0,1,1,-1,1,0,0,0,0,-1,-1
62,Canada,1984-09-04,1,0,-1,1,-1,-1,-1,0,0,0,1,1,0,1,1,0,1,1,1,1,1,-1,-1,0,0,0,1,0,1,1,-1,-1,1,0,0,-1,-1,-1,-1,1,1,0,1,-1,1,0,1,1,-1,1,0,0,0,0,-1,-1
62,Canada,1988-11-21,1,0,-1,1,-1,-1,-1,0,0,0,1,1,0,1,1,0,1,1,1,1,1,-1,-1,0,0,0,1,0,1,1,-1,-1,1,0,0,-1,-1,-1,-1,1,1,0,1,-1,1,0,1,1,-1,1,0,0,0,0,-1,-1
62,Canada,1993-10-25,1,0,-1,1,-1,-1,-1,0,0,0,1,1,0,1,1,0,1,1,1,1,1,-1,-1,0,0,0,1,0,1,1,-1,-1,1,0,0,-1,-1,-1,-1,1,1,0,1,-1,1,0,1,1,-1,1,0,0,0,0,-1,-1
62,Canada,1997-06-02,1,0,-1,1,-1,-1,-1,0,0,0,1,1,0,1,1,0,1,1,1,1,1,-1,-1,0,0,0,1,0,1,1,-1,-1,1,0,0,-1,-1,-1,-1,1,1,0,1,-1,1,0,1,1,-1,1,0,0,0,0,-1,-1
62,Canada,2000-11-27,1,0,-1,1,-1,-1,-1,0,0,0,1,1,0,1,1,0,1,1,1,1,1,-1,-1,0,0,0,1,0,1,1,-1,-1,1,0,0,-1,-1,-1,-1,1,1,0,1,-1,1,0,1,1,-1,1,0,0,0,0,-1,-1
62,Canada,2004-06-28,0,-1,0,1,-1,-1,-1,0,-1,0,1,-1,1,-1,0,0,1,1,0,1,1,-1,-1,-1,-1,1,1,0,1,1,-1,-1,1,0,-1,-1,-1,-1,-1,1,0,0,1,-1,1,-1,1,1,-1,0,-1,0,0,1,-1,-1
62,Canada,2006-01-23,0,-1,0,1,-1,-1,-1,0,-1,0,1,-1,1,-1,0,0,1,1,0,1,1,-1,-1,-1,-1,1,1,0,1,1,-1,-1,1,0,-1,-1,-1,-1,-1,1,0,0,1,-1,1,-1,1,1,-1,0,-1,0,0,1,-1,-1
62,Canada,2008-10-14,0,-1,0,1,-1,-1,-1,0,-1,0,1,-1,1,-1,0,0,1,1,0,1,1,-1,-1,-1,-1,1,1,0,1,1,-1,-1,1,0,-1,-1,-1,-1,-1,1,0,0,1,-1,1,-1,1,1,-1,0,-1,0,0,1,-1,-1
62,Canada,2011-05-02,0,-1,0,1,-1,-1,-1,0,-1,0,1,-1,1,-1,0,0,1,1,0,1,1,-1,-1,-1,-1,1,1,0,1,1,-1,-1,1,0,-1,-1,-1,-1,-1,1,0,0,1,-1,1,-1,1,1,-1,0,-1,0,0,1,-1,-1
63,Australia,1946-09-28,0,-1,-1,1,-1,-1,0,0,0,0,-1,1,0,0,1,-1,-1,0,1,1,-1,-1,-1,0,1,-1,-1,-1,0,0,-1,-1,1,-1,-1,0,-1,-1,-1,1,-1,1,1,0,1,0,0,1,-1,0,-1,1,1,1,0,-1
63,Australia,1949-12-10,0,-1,-1,1,-1,-1,0,0,0,0,-1,1,0,0,1,-1,-1,0,1,1,-1,-1,-1,0,1,-1,-1,-1,0,0,-1,-1,1,-1,-1,0,-1,-1,-1,1,-1,1,1,0,1,0,0,1,-1,0,-1,1,1,1,0,-1
63,Australia,1951-04-28,0,-1,-1,1,-1,-1,0,0,0,0,-1,1,0,0,1,-1,-1,0,1,1,-1,-1,-1,0,1,-1,-1,-1,0,0,-1,-1,1,-1,-1,0,-1,-1,-1,1,-1,1,1,0,1,0,0,1,-1,0,-1,1,1,1,0,-1
63,Australia,1954-05-29,0,-1,-1,1,-1,-1,0,0,0,0,-1,1,0,0,1,-1,-1,0,1,1,-1,-1,-1,0,1,-1,-1,-1,0,0,-1,-1,1,-1,-1,0,-1,-1,-1,1,-1,1,1,0,1,0,0,1,-1,0,-1,1,1,1,0,-1
63,Australia,1955-12-10,0,-1,-1,1,-1,-1,0,0,0,0,-1,1,0,0,1,-1,-1,0,1,1,-1,-1,-1,0,1,-1,-1,-1,0,0,-1,-1,1,-1,-1,0,-1,-1,-1,1,-1,1,1,0,1,0,0,1,-1,0,-1,1,1,1,0,-1
63,Australia,1958-11-22,0,-1,-1,1,-1,-1,0,0,0,0,-1,1,0,0,1,-1,-1,0,1,1,-1,-1,-1,0,1,-1,-1,-1,0,0,-1,-1,1,-1,-1,0,-1,-1,-1,1,-1,1,1,0,1,0,0,1,-1,0,-1,1,1,1,0,-1
63,Australia,1961-12-09,0,-1,-1,1,-1,-1,0,0,0,0,-1,1,0,0,1,-1,-1,0,1,1,-1,-1,-1,0,1,-1,-1,-1,0,0,-1,-1,1,-1,-1,0,-1,-1,-1,1,-1,1,1,0,1,0,0,1,-1,0,-1,1,1,1,0,-1
63,Australia,1963-11-30,0,-1,-1,1,-1,-1,0,0,0,0,-1,1,0,0,1,-1,-1,0,1,1,-1,-1,-1,0,1,-1,-1,-1,0,0,-1,-1,1,-1,-1,0,-1,-1,-1,1,-1,1,1,0,1,0,0,1,-1,0,-1,1,1,1,0,-1
63,Australia,1966-11-26,0,-1,-1,1,-1,-1,0,0,0,0,-1,1,0,0,1,-1,-1,0,1,1,-1,-1,-1,0,1,-1,-1,-1,0,0,-1,-1,1,-1,-1,0,-1,-1,-1,1,-1,1,1,0,1,0,0,1,-1,0,-1,1,1,1,0,-1
63,Australia,1969-10-25,0,-1,-1,1,-1,-1,0,0,0,0,-1,1,0,0,1,-1,-1,0,-1,1,-1,-1,-1,0,1,-1,-1,-1,0,0,-1,-1,1,-1,-1,0,-1,-1,-1,1,-1,1,1,0,1,0,0,1,-1,0,-1,1,1,1,0,-1
63,Australia,1972-12-02,0,-1,-1,1,-1,-1,0,0,0,0,-1,1,0,0,1,-1,-1,0,-1,1,-1,-1,-1,0,1,-1,-1,-1,0,0,-1,-1,1,-1,-1,0,-1,-1,-1,1,-1,1,1,0,1,0,0,1,-1,0,-1,1,1,1,0,-1
63,Australia,1974-05-18,0,-1,-1,1,-1,-1,0,0,0,0,-1,1,0,0,1,-1,-1,0,-1,1,-1,-1,-1,0,1,-1,-1,-1,0,0,-1,-1,1,-1,-1,0,-1,-1,-1,1,-1,1,1,0,1,0,0,1,-1,0,-1,1,1,1,0,-1
63,Australia,1975-12-13,0,-1,-1,1,-1,-1,0,0,0,0,-1,1,0,0,1,-1,1,0,-1,1,-1,-1,-1,0,1,-1,-1,-1,0,0,-1,-1,1,-1,-1,1,-1,-1,-1,1,-1,1,1,0,1,0,0,1,-1,0,-1,1,1,1,0,-1
63,Australia,1977-12-10,0,0,-1,1,-1,-1,0,0,0,0,-1,1,0,0,1,-1,1,0,-1,1,-1,-1,-1,0,1,-1,-1,-1,0,0,-1,-1,1,-1,-1,1,-1,-1,-1,1,-1,1,1,0,1,0,0,1,-1,0,-1,1,1,1,0,-1
63,Australia,1980-10-18,0,0,-1,1,-1,-1,0,0,0,0,-1,1,0,0,1,-1,1,0,-1,1,-1,-1,-1,0,1,-1,-1,-1,0,0,-1,-1,1,-1,-1,1,-1,-1,-1,1,-1,1,1,0,1,0,0,1,-1,0,-1,1,1,1,0,-1
63,Australia,1983-03-05,0,0,-1,1,-1,-1,0,0,0,0,-1,1,0,0,1,-1,1,0,1,1,-1,-1,-1,0,1,-1,-1,-1,0,0,-1,-1,1,-1,-1,1,-1,-1,-1,1,-1,1,1,0,1,0,0,1,-1,0,-1,1,1,1,0,-1
63,Australia,1984-12-01,0,-1,-1,1,-1,-1,0,0,0,0,-1,1,0,0,1,-1,1,0,1,1,-1,-1,-1,0,1,-1,-1,-1,0,0,-1,-1,1,-1,-1,1,-1,-1,-1,1,-1,1,1,0,1,0,0,1,-1,0,-1,1,1,1,0,-1
63,Australia,1987-07-11,0,-1,-1,1,-1,-1,0,0,0,0,-1,1,0,0,1,-1,1,0,1,1,-1,-1,-1,0,1,-1,-1,-1,0,0,-1,-1,1,-1,-1,1,-1,-1,-1,1,-1,1,1,0,1,0,0,1,-1,0,-1,1,1,1,0,-1
63,Australia,1990-03-24,0,-1,-1,1,-1,-1,0,0,0,0,-1,1,0,-1,1,-1,1,0,1,1,-1,-1,-1,0,1,-1,-1,-1,0,0,-1,-1,1,-1,-1,1,-1,-1,-1,1,-1,1,1,0,1,0,0,1,-1,0,-1,1,1,1,0,-1
63,Australia,1993-03-13,0,-1,-1,1,-1,-1,0,0,0,0,-1,1,0,-1,1,-1,1,0,0,1,-1,-1,-1,0,1,-1,-1,-1,0,0,-1,-1,1,-1,-1,-1,-1,-1,-1,1,-1,1,1,0,1,0,1,1,-1,0,-1,1,1,1,0,1
63,Australia,1996-03-02,0,-1,-1,1,-1,-1,0,0,0,0,-1,1,0,-1,1,-1,1,0,0,1,-1,-1,-1,0,1,-1,-1,-1,0,0,-1,-1,1,-1,-1,-1,-1,-1,-1,1,-1,1,1,0,1,0,1,1,-1,0,-1,1,1,1,0,1
63,Australia,1998-10-03,0,-1,-1,1,-1,-1,0,0,0,0,-1,1,0,-1,1,-1,1,0,0,1,-1,-1,-1,0,1,-1,-1,-1,0,0,-1,-1,1,-1,-1,-1,-1,-1,-1,1,-1,1,1,0,1,0,1,1,-1,0,-1,1,1,1,0,1
63,Australia,2001-11-10,0,-1,-1,1,-1,-1,0,0,0,0,-1,1,0,-1,1,-1,1,0,0,1,-1,-1,-1,0,1,-1,-1,-1,0,0,-1,-1,1,-1,-1,-1,-1,-1,-1,1,-1,1,1,0,1,0,1,1,-1,0,-1,1,1,1,0,1
63,Australia,2004-10-09,0,0,-1,1,-1,-1,-1,0,-1,0,-1,-1,0,-1,1,0,1,0,0,1,1,-1,-1,0,0,0,-1,-1,1,-1,-1,-1,1,-1,-1,-1,-1,-1,-1,1,-1,1,0,0,1,-1,1,0,-1,1,-1,1,1,-1,-1,0
63,Australia,2007-11-24,0,0,-1,1,-1,-1,-1,0,-1,0,-1,-1,0,-1,1,0,1,0,0,1,1,-1,-1,0,0,0,-1,-1,1,-1,-1,-1,1,-1,-1,-1,-1,-1,-1,1,-1,1,0,0,1,-1,1,0,-1,1,-1,1,1,-1,-1,0
63,Australia,2010-08-21,0,0,-1,1,-1,-1,-1,0,-1,0,-1,-1,0,-1,1,0,1,0,0,1,1,-1,-1,0,0,0,-1,-1,1,-1,-1,-1,1,-1,-1,-1,-1,-1,-1,1,-1,1,0,0,1,-1,1,0,-1,1,-1,1,1,-1,-1,0
63,Australia,2013-09-07,0,0,-1,1,-1,-1,-1,0,-1,0,-1,-1,0,-1,1,0,1,0,0,1,1,-1,-1,0,0,0,-1,-1,1,-1,-1,-1,1,-1,-1,-1,-1,-1,-1,1,-1,1,0,0,1,-1,1,0,-1,1,-1,1,1,-1,-1,0
64,New Zealand,1946-11-27,1,0,-1,0,0,-1,-1,1,0,1,-1,-1,0,1,1,1,1,1,1,1,0,-1,-1,-1,-1,1,0,0,0,0,-1,-1,1,0,-1,-1,0,0,-1,1,0,1,1,-1,1,-1,1,0,0,1,-1,1,-1,0,0,1
64,New Zealand,1949-11-30,1,0,-1,0,0,-1,-1,1,0,1,-1,-1,0,1,1,1,1,1,1,1,0,-1,-1,-1,-1,1,0,0,0,0,-1,-1,1,0,-1,-1,0,0,-1,1,0,1,1,-1,1,-1,1,0,0,1,-1,1,-1,0,0,1
64,New Zealand,1951-09-01,1,0,-1,0,0,-1,-1,1,0,1,-1,-1,0,1,-1,1,1,1,1,1,0,-1,-1,-1,-1,1,0,0,0,0,-1,-1,1,0,-1,-1,0,0,-1,1,0,1,1,-1,1,-1,1,0,0,1,-1,1,-1,0,0,1
64,New Zealand,1954-11-13,1,0,-1,0,0,-1,-1,1,0,1,-1,-1,0,1,-1,1,1,1,1,1,0,-1,-1,-1,-1,1,0,0,0,0,-1,-1,1,0,-1,-1,0,0,-1,1,0,1,1,-1,1,-1,1,0,0,1,-1,1,-1,0,0,1
64,New Zealand,1957-11-30,1,0,-1,0,0,-1,-1,1,0,1,-1,-1,0,1,-1,1,1,1,1,1,0,-1,-1,-1,-1,1,0,0,0,0,-1,-1,1,0,-1,-1,0,0,-1,1,0,1,1,-1,1,-1,1,0,0,1,-1,1,-1,0,0,1
64,New Zealand,1960-11-26,1,0,-1,0,0,-1,-1,1,0,1,-1,-1,0,1,-1,1,1,1,1,1,0,-1,-1,-1,-1,1,0,0,0,0,-1,-1,1,0,-1,-1,0,0,-1,1,0,1,1,-1,1,-1,1,0,0,1,-1,1,-1,0,0,1
64,New Zealand,1963-11-30,1,0,-1,0,0,-1,-1,1,0,1,-1,-1,0,1,-1,1,1,1,1,1,0,-1,-1,-1,-1,1,0,0,0,0,-1,-1,1,0,-1,-1,0,0,-1,1,0,1,1,-1,1,-1,1,0,0,1,-1,1,0,0,0,1
64,New Zealand,1966-11-26,1,0,-1,0,0,-1,-1,1,0,1,-1,-1,0,1,-1,1,1,1,1,1,0,-1,-1,-1,-1,1,0,0,0,0,-1,-1,1,0,-1,-1,0,0,-1,1,0,1,1,-1,1,-1,1,0,0,1,-1,1,0,0,0,1
64,New Zealand,1969-11-29,1,0,-1,0,0,-1,-1,1,0,1,-1,-1,0,1,-1,1,1,1,1,1,0,-1,-1,-1,-1,1,0,0,0,0,-1,-1,1,0,-1,-1,0,0,-1,1,0,1,1,-1,1,-1,1,0,0,1,-1,1,0,0,0,1
64,New Zealand,1972-11-25,1,0,-1,0,0,-1,-1,1,0,1,-1,-1,0,1,-1,1,1,1,1,1,0,-1,-1,-1,-1,1,0,0,0,0,-1,-1,1,0,-1,-1,0,0,-1,1,0,1,1,-1,1,-1,1,0,0,1,-1,1,0,0,0,1
64,New Zealand,1975-11-29,1,0,-1,0,0,-1,-1,1,0,1,-1,-1,0,1,-1,1,1,1,1,1,0,-1,-1,-1,-1,1,0,0,0,0,-1,-1,1,0,-1,-1,0,0,-1,1,0,1,1,-1,1,-1,1,0,0,1,-1,1,0,0,0,1
64,New Zealand,1978-11-25,1,0,-1,0,0,-1,-1,1,0,1,-1,-1,0,1,-1,1,1,1,1,1,0,-1,-1,-1,-1,1,0,0,0,0,-1,-1,1,0,-1,-1,0,0,-1,1,0,1,1,-1,1,-1,1,0,0,1,-1,1,0,0,0,1
64,New Zealand,1981-11-28,1,0,-1,0,0,-1,-1,1,0,1,-1,-1,0,1,-1,1,1,1,1,1,0,-1,-1,-1,-1,1,0,0,0,0,-1,-1,1,0,-1,-1,0,0,-1,1,0,1,1,-1,1,-1,1,0,0,1,-1,1,0,0,0,1
64,New Zealand,1984-07-14,1,0,-1,0,0,-1,-1,1,0,1,-1,-1,0,1,-1,1,1,1,1,1,0,-1,-1,-1,-1,1,0,0,0,0,-1,-1,1,0,-1,-1,0,0,-1,1,0,1,1,-1,1,-1,1,0,0,1,-1,1,0,0,0,1
64,New Zealand,1987-08-15,1,0,-1,0,0,-1,-1,1,0,1,-1,-1,0,1,-1,1,1,1,1,1,0,-1,-1,-1,-1,1,0,0,0,0,-1,-1,1,0,-1,-1,0,0,-1,1,0,1,1,-1,1,-1,1,0,0,1,-1,1,0,0,0,1
64,New Zealand,1990-10-27,1,0,-1,0,0,-1,-1,1,0,1,-1,-1,0,1,-1,1,1,1,1,1,0,-1,-1,-1,-1,1,0,0,0,-1,-1,-1,1,0,-1,-1,0,0,-1,1,0,1,1,-1,1,-1,1,0,0,1,-1,1,1,0,0,1
64,New Zealand,1993-11-06,1,0,-1,0,0,-1,-1,1,0,1,-1,-1,0,1,-1,1,1,1,1,1,0,-1,-1,-1,-1,1,0,0,0,-1,-1,-1,1,0,-1,-1,0,-1,-1,1,0,1,1,-1,1,-1,1,0,0,1,-1,1,1,0,0,1
64,New Zealand,1996-10-12,1,0,-1,0,0,-1,-1,1,0,1,1,-1,0,1,-1,1,1,1,1,1,1,-1,-1,-1,-1,1,0,0,0,-1,-1,-1,1,0,-1,-1,0,-1,-1,1,0,1,1,-1,1,-1,1,0,0,1,-1,1,1,0,0,1
64,New Zealand,1999-11-27,1,0,-1,0,0,-1,-1,1,0,1,1,-1,0,1,-1,1,1,1,0,1,1,-1,-1,-1,-1,1,0,0,0,-1,-1,-1,1,0,-1,-1,0,-1,-1,1,0,1,1,-1,1,-1,1,0,0,1,-1,1,1,0,0,1
64,New Zealand,2002-07-27,1,0,-1,0,0,-1,-1,1,0,1,1,-1,0,1,-1,1,1,1,0,1,1,-1,-1,-1,-1,1,0,0,0,-1,-1,-1,1,0,-1,-1,0,-1,-1,1,0,1,1,-1,1,-1,1,0,0,1,-1,1,1,0,0,1
64,New Zealand,2005-09-17,0,0,-1,1,-1,-1,0,0,1,0,1,-1,0,-1,0,0,1,1,0,1,1,-1,-1,-1,-1,1,0,0,1,-1,0,-1,1,-1,-1,-1,-1,-1,-1,1,-1,1,1,-1,1,-1,1,1,0,1,-1,1,1,1,0,1
64,New Zealand,2008-11-08,0,0,-1,1,-1,-1,0,0,1,0,1,-1,0,-1,0,0,1,1,0,1,1,-1,-1,-1,-1,1,0,0,1,-1,0,-1,1,-1,-1,-1,-1,-1,-1,1,-1,1,1,-1,1,-1,1,1,0,1,-1,1,1,1,0,1
64,New Zealand,2011-11-26,0,0,-1,1,-1,-1,0,0,1,0,1,-1,0,-1,0,0,1,1,0,1,1,-1,-1,-1,-1,1,0,0,1,-1,0,-1,1,-1,-1,-1,-1,-1,-1,1,-1,1,1,-1,1,-1,1,1,0,1,-1,1,1,1,0,1
71,Japan,1960-11-20,1,-1,-1,1,-1,-1,1,0,-1,0,-1,-1,1,1,-1,-1,1,0,1,1,0,-1,-1,-1,0,0,1,0,0,1,-1,-1,0,0,0,1,0,0,-1,1,1,0,1,-1,1,-1,1,1,0,0,0,0,0,0,-1,0
71,Japan,1963-11-21,1,-1,-1,1,-1,-1,1,0,-1,0,-1,-1,1,1,-1,-1,1,0,1,1,0,-1,-1,-1,0,0,1,0,0,1,-1,-1,0,0,0,1,0,0,-1,1,1,0,1,-1,1,-1,1,1,0,0,0,0,0,0,-1,0
71,Japan,1967-01-29,1,-1,-1,1,-1,-1,1,0,-1,0,-1,-1,1,1,-1,-1,1,0,1,1,0,-1,-1,-1,0,0,1,0,0,1,-1,-1,0,0,0,1,0,0,-1,1,1,0,1,-1,1,-1,1,1,0,0,0,0,0,0,-1,0
71,Japan,1969-12-27,1,-1,-1,1,-1,-1,1,0,-1,0,-1,-1,1,1,-1,-1,1,0,1,1,0,-1,-1,-1,0,0,1,0,0,1,-1,-1,0,0,0,1,0,0,-1,1,1,0,1,-1,1,-1,1,1,0,0,0,0,0,0,-1,0
71,Japan,1972-12-10,1,-1,-1,1,-1,-1,1,0,-1,0,-1,-1,1,1,-1,-1,1,0,1,1,0,-1,-1,-1,0,0,1,0,0,1,-1,-1,0,0,0,1,0,0,-1,1,1,0,1,-1,1,-1,1,1,0,0,0,0,0,0,-1,0
71,Japan,1976-12-05,1,-1,-1,1,-1,-1,1,0,-1,0,-1,-1,1,1,0,-1,1,0,1,1,0,-1,-1,-1,0,0,1,0,0,1,-1,-1,0,0,0,1,0,0,-1,1,1,0,1,-1,1,-1,1,1,0,0,0,0,0,0,-1,0
71,Japan,1979-10-07,1,-1,-1,1,-1,-1,1,0,-1,0,-1,-1,1,1,0,-1,1,0,1,1,0,-1,-1,-1,0,0,1,0,0,1,-1,-1,0,0,0,1,0,0,-1,1,1,0,1,-1,1,-1,1,1,0,0,0,0,0,0,-1,0
71,Japan,1980-06-22,1,-1,-1,1,-1,-1,1,0,-1,0,-1,-1,1,1,0,-1,1,0,1,1,0,-1,-1,-1,0,0,1,0,0,1,-1,-1,0,0,0,1,0,0,-1,1,1,0,1,-1,1,-1,1,1,0,0,0,0,0,0,-1,0
71,Japan,1983-12-18,1,-1,-1,1,-1,-1,1,0,-1,0,-1,-1,1,1,0,-1,1,0,1,1,0,-1,-1,-1,0,0,1,0,0,1,-1,-1,0,0,0,1,0,0,-1,1,1,0,1,-1,1,-1,1,1,0,0,0,0,0,0,-1,0
71,Japan,1986-07-06,1,-1,-1,1,-1,-1,1,0,-1,0,-1,-1,1,1,0,-1,1,0,1,1,0,-1,-1,-1,0,0,1,0,0,1,-1,-1,0,0,0,1,0,0,-1,1,1,0,1,-1,1,-1,1,1,0,0,0,0,0,0,-1,0
71,Japan,1990-02-18,1,-1,-1,1,-1,-1,1,0,-1,0,-1,-1,1,1,0,-1,1,0,1,1,0,-1,-1,-1,0,0,1,0,0,1,-1,-1,0,0,0,1,0,0,-1,1,1,0,1,-1,1,-1,1,1,0,0,0,0,0,0,-1,0
71,Japan,1993-07-18,1,-1,-1,1,-1,-1,1,0,-1,0,-1,-1,1,1,0,-1,1,0,1,1,0,-1,-1,-1,0,0,1,0,0,1,-1,-1,0,0,0,1,0,0,-1,1,1,0,1,-1,1,-1,1,1,0,0,0,0,0,0,-1,0
71,Japan,1996-10-20,1,-1,-1,1,-1,-1,1,0,-1,0,-1,-1,1,1,0,-1,1,0,1,1,0,-1,-1,-1,0,0,1,0,1,1,-1,-1,0,0,0,1,0,0,-1,1,1,0,1,-1,1,-1,1,1,0,0,0,0,0,0,-1,0
71,Japan,2000-06-25,1,-1,-1,1,-1,-1,1,0,-1,0,-1,-1,1,1,0,-1,1,0,1,1,0,-1,-1,-1,0,0,1,0,1,1,-1,-1,0,0,0,1,0,0,-1,1,1,0,1,-1,1,-1,1,1,0,0,0,0,0,0,-1,0
71,Japan,2003-11-09,1,-1,-1,1,-1,-1,1,0,-1,0,-1,-1,1,1,0,-1,1,0,1,1,0,-1,-1,-1,0,0,1,0,1,1,-1,-1,0,0,0,1,0,0,-1,1,1,0,1,-1,1,-1,1,1,0,0,0,0,0,0,-1,0
71,Japan,2005-09-11,1,-1,-1,1,-1,-1,1,0,-1,0,-1,-1,0,1,0,-1,1,0,0,1,1,-1,-1,0,0,-1,0,1,1,1,-1,-1,0,0,0,1,1,-1,-1,1,1,0,1,-1,1,-1,1,0,0,0,0,0,-1,0,-1,0
72,Israel,1949-01-25,-1,-1,-1,1,-1,-1,-1,-1,1,0,-1,-1,-1,1,1,0,1,0,1,1,1,1,-1,-1,-1,1,1,-1,-1,0,-1,-1,1,-1,1,0,0,-1,-1,-1,-1,-1,1,-1,1,-1,1,1,0,1,-1,1,0,1,0,0
72,Israel,1951-07-30,-1,-1,-1,1,-1,-1,-1,-1,1,0,-1,-1,-1,1,1,0,1,0,1,1,1,1,-1,-1,-1,1,1,-1,-1,0,-1,-1,1,-1,1,0,0,-1,-1,-1,-1,-1,1,-1,1,-1,1,1,0,1,-1,1,0,1,0,0
72,Israel,1955-07-26,-1,-1,-1,1,-1,-1,-1,-1,1,0,-1,-1,-1,1,1,0,1,0,1,1,1,1,-1,-1,-1,1,1,-1,-1,0,-1,-1,1,-1,1,0,0,-1,-1,-1,-1,-1,1,-1,1,-1,1,1,0,1,-1,1,0,1,0,0
72,Israel,1959-07-03,-1,-1,-1,1,-1,-1,-1,-1,1,0,-1,-1,-1,1,1,0,1,0,1,1,1,1,-1,-1,-1,1,1,-1,-1,0,-1,-1,1,-1,1,0,0,-1,-1,-1,-1,-1,1,-1,1,-1,1,1,0,1,-1,1,0,1,0,0
72,Israel,1961-08-15,-1,-1,-1,1,-1,-1,-1,-1,1,0,-1,-1,-1,1,1,0,1,0,1,1,1,1,-1,-1,-1,1,1,-1,-1,0,-1,-1,1,-1,1,0,0,-1,-1,-1,-1,-1,1,-1,1,-1,1,1,0,1,-1,1,0,1,0,0
72,Israel,1965-11-02,-1,-1,-1,1,-1,-1,-1,-1,1,0,-1,-1,-1,1,1,0,1,0,1,1,1,1,-1,-1,-1,1,1,-1,-1,0,-1,-1,1,-1,1,0,0,-1,-1,-1,-1,-1,1,-1,1,-1,1,1,0,1,-1,1,0,1,0,0
72,Israel,1969-10-28,-1,-1,-1,1,-1,-1,-1,-1,1,0,-1,-1,-1,1,1,0,1,0,1,1,1,1,-1,-1,-1,1,1,-1,-1,0,-1,-1,1,-1,1,0,0,-1,-1,-1,-1,-1,1,-1,1,-1,1,1,0,1,-1,1,0,1,0,0
72,Israel,1973-12-31,-1,-1,-1,1,-1,-1,-1,-1,1,0,-1,-1,-1,1,1,0,1,0,1,1,1,1,-1,-1,-1,1,1,-1,-1,0,-1,-1,1,-1,1,0,0,-1,-1,-1,-1,-1,1,-1,1,-1,1,1,0,1,-1,1,0,1,0,0
72,Israel,1977-05-17,-1,-1,-1,1,-1,-1,-1,-1,1,0,-1,-1,-1,1,1,0,1,0,1,1,1,1,-1,-1,-1,1,1,-1,-1,0,-1,-1,1,-1,1,0,0,-1,-1,-1,-1,-1,1,-1,1,-1,1,1,0,1,-1,1,0,1,0,0
72,Israel,1981-06-30,-1,-1,-1,1,-1,-1,-1,-1,1,0,-1,-1,-1,1,1,0,1,0,1,1,1,1,-1,-1,-1,1,1,-1,-1,0,-1,-1,1,-1,1,0,0,-1,-1,-1,-1,-1,1,-1,1,-1,1,1,0,1,-1,1,0,1,0,0
72,Israel,1984-07-23,-1,-1,-1,1,-1,-1,-1,-1,1,0,-1,-1,-1,1,1,0,1,0,1,1,1,1,-1,-1,-1,1,1,-1,-1,0,-1,-1,1,-1,1,0,0,-1,-1,-1,-1,-1,1,-1,1,-1,1,1,0,1,-1,1,0,1,0,0
72,Israel,1988-11-01,-1,-1,-1,1,-1,-1,-1,-1,1,0,-1,-1,-1,1,1,0,1,0,1,1,1,1,-1,-1,-1,1,1,-1,-1,0,-1,-1,1,-1,1,0,0,-1,-1,-1,-1,-1,1,-1,1,-1,1,1,0,1,-1,1,0,1,0,0
72,Israel,1992-06-23,-1,-1,-1,1,-1,-1,-1,-1,1,0,-1,-1,-1,1,1,0,1,0,1,1,1,1,-1,-1,-1,1,1,-1,-1,0,-1,-1,1,-1,1,0,0,-1,-1,-1,-1,-1,1,-1,1,-1,1,1,0,1,-1,1,0,1,0,0
72,Israel,1996-05-29,-1,-1,-1,1,-1,-1,-1,-1,1,0,-1,-1,-1,1,1,0,1,0,1,1,1,1,-1,-1,-1,1,1,-1,-1,0,-1,-1,1,-1,1,0,0,-1,-1,-1,-1,-1,1,-1,1,-1,1,1,0,1,-1,1,0,1,0,0
72,Israel,1999-05-17,-1,-1,-1,1,-1,-1,-1,-1,1,0,-1,-1,-1,1,1,0,1,0,1,1,1,1,-1,-1,-1,1,1,-1,-1,0,-1,-1,1,-1,1,0,0,-1,-1,-1,-1,-1,1,-1,1,-1,1,1,0,1,-1,1,0,1,0,0
74,Turkey,1950-05-14,1,1,1,1,-1,-1,-1,-1,1,1,-1,-1,-1,1,-1,0,1,1,1,1,0,-1,-1,0,0,1,0,1,0,-1,0,1,0,-1,0,-1,0,-1,-1,1,-1,1,1,-1,1,-1,1,1,-1,0,-1,1,0,0,-1,-1
74,Turkey,1954-05-02,1,1,1,1,-1,-1,-1,-1,1,1,-1,-1,-1,1,-1,0,1,1,1,1,0,-1,-1,0,0,1,0,1,0,-1,0,1,0,-1,0,-1,0,-1,-1,1,-1,1,1,-1,1,-1,1,1,-1,0,-1,1,0,0,-1,-1
74,Turkey,1957-10-27,1,1,1,1,-1,-1,-1,-1,1,1,-1,-1,-1,1,-1,0,1,1,1,1,0,-1,-1,0,0,1,0,1,0,-1,0,1,0,-1,0,-1,0,-1,-1,1,-1,1,1,-1,1,-1,1,1,-1,0,-1,1,0,0,-1,-1
74,Turkey,1961-10-15,1,1,1,1,-1,-1,-1,-1,1,1,-1,-1,-1,1,-1,0,1,1,1,1,0,-1,-1,0,0,1,0,1,0,-1,0,1,0,-1,0,-1,0,-1,-1,1,-1,1,1,-1,1,-1,1,1,-1,0,-1,1,0,0,-1,-1
74,Turkey,1965-10-10,1,1,1,1,-1,-1,-1,-1,1,1,-1,-1,-1,1,-1,0,1,1,1,1,0,-1,-1,0,0,1,0,1,0,-1,0,1,0,-1,0,-1,0,-1,-1,1,-1,1,1,-1,1,-1,1,1,-1,0,-1,1,0,0,-1,-1
74,Turkey,1969-10-12,1,1,1,1,-1,-1,-1,-1,1,1,-1,-1,-1,1,-1,0,1,1,1,1,0,-1,-1,0,0,1,0,1,0,-1,0,1,0,-1,0,-1,0,-1,-1,1,-1,1,1,-1,1,-1,1,1,-1,0,-1,1,0,0,-1,-1
74,Turkey,1973-10-14,1,1,1,1,-1,-1,-1,-1,1,1,-1,-1,-1,1,-1,0,1,1,1,1,0,-1,-1,0,0,1,0,1,0,-1,0,1,0,-1,0,-1,0,-1,-1,1,-1,1,1,-1,1,-1,1,1,-1,0,-1,1,0,0,-1,-1
74,Turkey,1977-06-05,1,1,1,1,-1,-1,-1,-1,1,1,-1,-1,-1,1,-1,0,1,1,1,1,0,-1,-1,0,0,1,0,1,0,-1,0,1,0,-1,0,-1,0,-1,-1,1,-1,1,1,-1,1,-1,1,1,-1,0,-1,1,0,0,-1,-1
74,Turkey,1983-11-06,-1,1,1,1,-1,-1,-1,-1,1,1,-1,-1,1,-1,-1,0,1,1,1,1,0,-1,-1,0,0,1,0,1,0,-1,0,-1,0,-1,0,-1,0,-1,-1,1,-1,1,1,-1,1,-1,0,1,-1,0,-1,1,0,0,-1,-1
74,Turkey,1987-11-29,-1,1,1,1,-1,-1,-1,-1,1,1,-1,-1,1,-1,-1,0,1,1,1,1,0,-1,-1,0,0,1,0,1,0,-1,0,-1,0,-1,0,-1,0,-1,-1,1,-1,1,1,-1,1,-1,0,1,-1,0,-1,1,0,0,-1,-1
74,Turkey,1991-10-20,-1,1,1,1,-1,-1,-1,-1,1,1,1,-1,1,-1,1,0,1,1,1,1,-1,-1,-1,-1,-1,1,0,1,-1,-1,0,-1,0,-1,0,-1,0,-1,-1,1,-1,1,1,-1,1,-1,0,1,-1,0,-1,1,0,0,-1,-1
74,Turkey,1995-12-24,-1,1,1,1,-1,-1,-1,-1,1,1,1,-1,1,-1,1,0,1,1,1,1,-1,-1,-1,-1,-1,1,0,1,-1,-1,0,-1,0,-1,0,-1,0,-1,-1,1,-1,1,1,-1,1,-1,0,1,-1,0,-1,1,0,0,-1,-1
74,Turkey,1999-04-18,-1,1,1,1,-1,-1,-1,-1,1,1,1,-1,-1,-1,1,0,1,1,1,1,-1,-1,-1,-1,-1,1,0,1,-1,-1,0,-1,0,-1,0,-1,0,-1,-1,1,1,1,1,-1,1,-1,0,1,-1,0,-1,1,0,0,-1,-1
74,Turkey,2002-11-03,-1,1,1,1,-1,-1,-1,-1,1,1,1,-1,-1,-1,1,0,1,1,1,1,-1,-1,-1,-1,-1,1,0,1,-1,-1,0,-1,0,-1,0,-1,0,-1,-1,1,1,1,1,-1,1,-1,0,1,-1,0,-1,1,0,0,-1,-1
74,Turkey,2007-07-22,0,0,0,0,-1,0,0,0,1,1,0,-1,0,0,0,0,1,0,0,1,1,-1,0,-1,0,0,0,-1,0,1,-1,0,0,0,0,-1,-1,-1,-1,1,0,0,0,0,1,-1,0,0,0,0,0,0,1,0,0,0
74,Turkey,2011-06-12,0,0,0,0,-1,0,0,0,1,1,0,-1,0,0,0,0,1,0,0,1,1,-1,0,-1,0,0,0,-1,0,1,-1,0,0,0,0,-1,-1,-1,-1,1,0,0,0,0,1,-1,0,0,0,0,0,0,1,0,0,0
80,Bulgaria,1990-06-10,0,1,-1,0,0,1,-1,0,0,0,-1,-1,0,0,0,0,0,0,0,1,1,0,0,0,1,0,0,-1,1,1,1,-1,1,0,0,0,-1,-1,0,0,0,0,0,-1,1,-1,1,-1,-1,0,-1,0,0,0,0,1
80,Bulgaria,1991-10-13,0,1,-1,0,0,1,-1,0,0,0,-1,-1,0,0,0,0,0,0,0,1,1,0,0,0,1,0,0,-1,1,1,1,-1,1,0,0,0,-1,-1,0,0,0,0,0,-1,1,-1,1,-1,-1,0,-1,0,0,0,0,1
80,Bulgaria,1994-12-18,0,1,-1,0,0,1,-1,0,0,0,-1,-1,0,0,0,0,0,0,0,1,1,0,0,0,1,0,0,-1,1,1,1,-1,1,0,0,0,-1,-1,0,0,0,0,0,-1,1,-1,1,-1,-1,0,-1,0,0,0,0,1
80,Bulgaria,1997-04-19,0,1,-1,0,0,1,-1,0,0,0,-1,-1,0,0,0,0,0,0,0,1,1,0,0,0,1,0,0,-1,1,1,1,-1,1,0,0,0,-1,-1,0,0,0,0,0,-1,1,-1,1,-1,-1,0,-1,0,0,0,0,1
80,Bulgaria,2001-06-18,0,1,-1,0,0,1,-1,0,0,0,-1,-1,0,0,0,0,0,0,0,1,1,0,0,0,1,0,0,-1,1,1,1,-1,1,0,0,0,-1,-1,0,0,0,0,0,-1,1,-1,1,-1,-1,0,-1,0,0,0,0,1
80,Bulgaria,2005-06-25,-1,1,0,1,1,-1,-1,-1,-1,1,-1,0,-1,-1,1,0,1,1,0,1,1,0,-1,1,1,1,0,0,1,1,1,1,1,-1,-1,0,0,-1,0,1,-1,-1,1,0,1,-1,1,-1,-1,1,0,0,0,1,-1,0
80,Bulgaria,2009-07-05,-1,1,0,1,1,-1,-1,-1,-1,1,-1,0,-1,-1,1,0,1,1,0,1,1,0,-1,1,1,1,0,0,1,1,1,1,1,-1,-1,0,0,-1,0,1,-1,-1,1,0,1,-1,1,-1,-1,1,0,0,0,1,-1,0
80,Bulgaria,2013-05-12,-1,1,0,1,1,-1,-1,-1,-1,1,-1,0,-1,-1,1,0,1,1,0,1,1,0,-1,1,1,1,0,0,1,1,1,1,1,-1,-1,0,0,-1,0,1,-1,-1,1,0,1,-1,1,-1,-1,1,0,0,0,1,-1,0
82,Czech Republic,1990-06-09,-1,0,0,1,1,-1,0,-1,1,0,0,-1,0,0,0,0,1,1,0,1,0,0,-1,-1,-1,1,0,0,0,1,-1,-1,1,-1,-1,0,0,-1,0,1,0,1,0,-1,1,-1,1,0,0,1,-1,0,0,-1,0,-1
82,Czech Republic,1992-06-06,-1,0,0,1,1,-1,0,-1,1,0,0,-1,0,0,0,0,1,1,0,1,0,0,-1,-1,-1,1,0,0,0,1,-1,-1,1,-1,-1,0,0,-1,0,1,0,1,0,-1,1,-1,1,0,0,1,-1,0,0,-1,0,-1
82,Czech Republic,1996-05-31,-1,0,0,1,1,-1,0,-1,1,0,0,-1,0,0,0,0,1,1,0,1,0,0,-1,-1,-1,1,0,0,0,1,-1,-1,1,-1,-1,0,0,-1,0,1,0,1,0,-1,1,-1,1,0,0,1,-1,0,0,-1,0,-1
82,Czech Republic,1998-06-19,-1,0,0,1,1,-1,0,-1,1,0,0,-1,0,0,0,0,1,1,0,1,0,0,-1,-1,-1,1,0,0,0,1,-1,-1,1,-1,-1,0,0,-1,0,1,0,1,0,-1,1,-1,1,0,0,1,-1,0,0,-1,0,-1
82,Czech Republic,2002-06-14,-1,0,0,1,1,-1,0,-1,1,0,0,-1,0,0,0,0,1,1,0,1,0,0,-1,-1,-1,1,0,0,0,1,-1,-1,1,-1,-1,0,0,-1,0,1,0,1,0,-1,1,-1,1,0,0,1,-1,0,0,-1,0,-1
82,Czech Republic,2006-06-03,-1,1,0,1,-1,-1,0,-1,1,1,-1,-1,0,0,-1,0,1,1,1,1,0,-1,-1,-1,-1,1,0,1,-1,-1,-1,-1,1,-1,-1,-1,-1,-1,-1,1,0,0,1,-1,1,-1,1,0,0,1,-1,1,0,0,0,0
82,Czech Republic,2010-05-29,-1,1,0,1,-1,-1,0,-1,1,1,-1,-1,0,0,-1,0,1,1,1,1,0,-1,-1,-1,-1,1,0,1,-1,-1,-1,-1,1,-1,-1,-1,-1,-1,-1,1,0,0,1,-1,1,-1,1,0,0,1,-1,1,0,0,0,0
82,Czech Republic,2013-10-26,-1,1,0,1,-1,-1,0,-1,1,1,-1,-1,0,0,-1,0,1,1,1,1,0,-1,-1,-1,-1,1,0,1,-1,-1,-1,-1,1,-1,-1,-1,-1,-1,-1,1,0,0,1,-1,1,-1,1,0,0,1,-1,1,0,0,0,0
83,Estonia,1992-09-20,0,0,0,1,-1,0,0,0,0,0,0,-1,0,0,0,0,1,0,0,0,0,-1,-1,0,0,1,1,1,0,0,-1,-1,1,0,0,0,-1,-1,0,0,0,0,1,0,1,0,1,0,-1,-1,-1,0,0,0,-1,0
83,Estonia,1995-03-05,0,0,0,1,-1,0,0,0,0,0,0,-1,0,0,0,0,1,0,0,0,0,-1,-1,0,0,1,1,1,0,0,-1,-1,1,0,0,0,-1,-1,0,0,0,0,1,0,1,0,1,0,-1,-1,-1,0,0,0,-1,0
83,Estonia,1999-03-07,0,0,0,1,-1,0,0,0,0,0,0,-1,0,0,0,0,1,0,0,0,0,-1,-1,0,0,1,1,1,0,0,-1,-1,1,0,0,0,-1,-1,0,0,0,0,1,0,1,0,1,0,-1,-1,-1,0,0,0,-1,0
83,Estonia,2003-03-02,0,0,0,1,-1,0,0,0,0,0,0,-1,0,0,0,0,1,0,0,0,0,-1,-1,0,0,1,1,1,0,0,-1,-1,1,0,0,0,-1,-1,0,0,0,0,1,0,1,0,1,0,-1,-1,-1,0,0,0,-1,0
83,Estonia,2007-03-04,0,0,0,1,-1,-1,-1,0,0,0,-1,-1,0,0,0,0,1,0,0,0,0,-1,-1,-1,0,1,1,0,0,0,-1,-1,1,-1,-1,-1,0,0,-1,0,-1,0,1,-1,1,0,1,0,-1,0,0,0,-1,0,-1,0
83,Estonia,2011-03-06,0,0,0,1,-1,-1,-1,0,0,0,-1,-1,0,0,0,0,1,0,0,0,0,-1,-1,-1,0,1,1,0,0,0,-1,-1,1,-1,-1,-1,0,0,-1,0,-1,0,1,-1,1,0,1,0,-1,0,0,0,-1,0,-1,0
86,Hungary,1990-03-25,-1,0,1,0,0,0,-1,-1,1,1,-1,-1,-1,1,0,0,1,1,-1,1,1,1,1,-1,0,1,0,1,0,0,0,1,1,0,0,1,1,-1,-1,1,0,0,1,-1,1,-1,1,-1,-1,0,-1,1,0,-1,1,0
86,Hungary,1994-05-08,-1,0,1,0,0,0,-1,-1,1,1,-1,-1,-1,1,0,0,1,1,-1,1,1,1,1,-1,0,1,0,1,0,0,0,1,1,0,0,1,1,-1,-1,1,0,0,1,-1,1,-1,1,-1,-1,0,-1,1,0,-1,1,0
86,Hungary,1998-05-10,-1,0,1,0,0,0,-1,-1,1,1,-1,-1,-1,1,0,0,1,1,-1,1,1,1,1,-1,0,1,0,1,0,0,0,1,1,0,0,1,1,-1,-1,1,0,0,1,-1,1,-1,1,-1,-1,0,-1,1,0,-1,1,0
86,Hungary,2002-04-07,-1,0,1,0,0,0,-1,-1,1,1,-1,-1,-1,1,0,0,1,1,-1,1,1,1,1,-1,0,1,0,1,0,0,0,1,1,0,0,1,1,-1,-1,1,0,0,1,-1,1,-1,1,-1,-1,0,-1,1,0,-1,1,0
86,Hungary,2006-04-09,-1,0,1,1,-1,-1,-1,-1,1,1,-1,-1,-1,1,0,0,1,1,-1,1,1,1,1,-1,1,0,0,1,-1,0,0,1,1,-1,-1,-1,1,-1,-1,1,-1,1,1,0,1,-1,1,-1,-1,1,-1,0,1,-1,1,1
86,Hungary,2010-04-11,-1,0,1,1,-1,-1,-1,-1,1,1,-1,-1,-1,1,0,0,1,1,-1,1,1,1,1,-1,1,0,0,1,-1,0,0,1,1,-1,-1,-1,1,-1,-1,1,-1,1,1,0,1,-1,1,-1,-1,1,-1,0,1,-1,1,1
87,Latvia,1993-06-05,0,1,-1,1,-1,0,0,-1,0,0,-1,-1,0,0,0,0,1,0,1,1,1,0,0,-1,0,1,-1,0,1,1,0,-1,1,0,0,0,1,-1,0,-1,0,1,0,0,1,0,0,-1,0,0,0,0,0,0,0,0
87,Latvia,1995-09-30,0,1,-1,1,-1,0,0,-1,0,0,-1,-1,0,0,0,0,1,0,1,1,1,0,0,-1,0,1,-1,0,1,1,0,-1,1,0,0,0,1,-1,0,-1,0,1,0,0,1,0,0,-1,0,0,0,0,0,0,0,0
87,Latvia,1998-10-03,0,1,-1,1,-1,0,0,-1,0,0,-1,-1,0,0,0,0,1,0,1,1,1,0,0,-1,0,1,-1,0,1,1,0,-1,1,0,0,0,1,-1,0,-1,0,1,0,0,1,0,0,-1,0,0,0,0,0,0,0,0
87,Latvia,2002-10-05,0,1,-1,1,-1,0,0,-1,0,0,-1,-1,0,0,0,0,1,0,1,1,1,0,0,-1,0,1,-1,0,1,1,0,-1,1,0,0,0,1,-1,0,-1,0,1,0,0,1,0,0,-1,0,0,0,0,0,0,0,0
88,Lithuania,1992-10-25,-1,-1,1,1,-1,0,-1,1,0,0,-1,-1,0,0,-1,0,0,0,0,1,1,0,0,-1,0,0,0,0,0,1,0,0,1,0,0,0,0,-1,-1,0,0,0,1,0,1,0,1,0,0,0,-1,0,0,0,0,-1
88,Lithuania,1996-10-20,-1,-1,1,1,-1,0,-1,1,0,0,-1,-1,0,0,-1,0,0,0,0,1,1,0,0,-1,0,0,0,0,0,1,0,0,1,0,0,0,0,-1,-1,0,0,0,1,0,1,0,1,0,0,0,-1,0,0,0,0,-1
88,Lithuania,2000-10-08,-1,-1,1,1,-1,0,-1,1,0,0,-1,-1,0,0,-1,0,0,0,0,1,1,0,0,-1,0,0,0,0,0,1,0,0,1,0,0,0,0,-1,-1,0,0,0,1,0,1,0,1,0,0,0,-1,0,0,0,0,-1
88,Lithuania,2004-10-10,0,0,-1,1,-1,-1,0,1,1,1,1,-1,-1,0,0,0,1,0,-1,1,1,-1,0,-1,-1,1,0,0,0,0,-1,-1,1,-1,-1,-1,0,0,0,1,0,1,1,-1,1,-1,1,0,-1,1,-1,1,-1,1,-1,-1
88,Lithuania,2008-10-12,0,0,-1,1,-1,-1,0,1,1,1,1,-1,-1,0,0,0,1,0,-1,1,1,-1,0,-1,-1,1,0,0,0,0,-1,-1,1,-1,-1,-1,0,0,0,1,0,1,1,-1,1,-1,1,0,-1,1,-1,1,-1,1,-1,-1
88,Lithuania,2012-10-14,0,0,-1,1,-1,-1,0,1,1,1,1,-1,-1,0,0,0,1,0,-1,1,1,-1,0,-1,-1,1,0,0,0,0,-1,-1,1,-1,-1,-1,0,0,0,1,0,1,1,-1,1,-1,1,0,-1,1,-1,1,-1,1,-1,-1
92,Poland,1991-10-27,-1,0,-1,0,0,0,0,-1,0,1,-1,-1,0,-1,0,0,1,0,1,1,0,0,0,0,1,0,0,0,0,0,-1,-1,1,0,-1,0,0,0,0,0,0,0,1,0,1,-1,1,1,-1,0,-1,0,1,0,0,-1
92,Poland,1993-09-19,-1,0,-1,0,0,0,0,-1,0,1,-1,-1,0,-1,0,0,1,0,1,1,0,0,0,0,1,0,0,0,0,0,-1,-1,1,0,-1,0,0,0,0,0,0,0,1,0,1,-1,1,1,-1,0,-1,0,1,0,0,-1
92,Poland,1997-09-21,-1,0,-1,0,0,0,0,-1,0,1,-1,-1,0,-1,0,0,1,0,1,1,0,0,0,0,1,0,0,0,0,0,-1,-1,1,0,-1,0,0,0,0,0,0,0,1,0,1,-1,1,1,-1,0,-1,0,1,0,0,-1
92,Poland,2001-09-23,-1,0,-1,0,0,0,0,-1,0,1,-1,-1,0,1,0,1,1,0,1,1,0,0,0,0,1,0,0,0,0,0,-1,-1,1,0,-1,0,0,0,0,0,0,0,1,0,1,-1,1,1,-1,0,-1,0,1,0,0,-1
92,Poland,2005-09-25,-1,1,-1,1,0,0,-1,-1,1,1,-1,0,0,1,-1,1,1,1,1,1,1,-1,-1,-1,1,1,0,-1,0,-1,-1,-1,1,0,-1,-1,0,0,-1,1,0,0,1,0,1,-1,1,1,-1,0,-1,1,1,0,-1,-1
92,Poland,2007-10-21,-1,1,-1,1,0,0,-1,-1,1,1,-1,0,0,1,-1,1,1,1,1,1,1,-1,-1,-1,1,1,0,-1,0,-1,-1,-1,1,0,-1,-1,0,0,-1,1,0,0,1,0,1,-1,1,1,-1,0,-1,1,1,0,-1,-1
92,Poland,2011-10-09,-1,1,-1,1,0,0,-1,-1,1,1,-1,0,0,1,-1,1,1,1,1,1,1,-1,-1,-1,1,1,0,-1,0,-1,-1,-1,1,0,-1,-1,0,0,-1,1,0,0,1,0,1,-1,1,1,-1,0,-1,1,1,0,-1,-1
93,Romania,1990-05-20,0,0,0,1,-1,-1,1,-1,1,0,0,0,1,0,-1,0,-1,0,-1,1,1,0,0,0,-1,0,0,0,0,1,0,1,0,-1,-1,-1,0,-1,0,1,-1,0,1,0,1,0,1,-1,-1,1,-1,0,1,1,-1,-1
93,Romania,1992-09-27,0,0,0,1,-1,-1,1,-1,1,0,0,0,1,0,-1,0,-1,0,-1,1,1,0,0,0,-1,0,0,0,0,1,0,1,0,-1,-1,-1,0,-1,0,1,-1,0,1,0,1,0,1,-1,-1,1,-1,0,1,1,-1,-1
93,Romania,1996-11-03,0,0,0,1,-1,-1,1,-1,1,0,0,0,1,0,-1,0,-1,0,-1,1,1,0,0,0,-1,0,0,0,0,1,0,1,0,-1,-1,-1,0,-1,0,1,-1,0,1,0,1,0,1,-1,-1,1,-1,0,1,1,-1,-1
93,Romania,2000-11-26,0,0,0,1,-1,-1,1,-1,1,0,0,0,1,0,-1,0,-1,0,-1,1,1,0,0,0,-1,0,0,0,0,1,0,1,0,-1,-1,-1,0,-1,0,1,-1,0,1,0,1,0,1,-1,-1,1,-1,0,1,1,-1,-1
93,Romania,2004-11-28,0,0,0,1,-1,-1,1,-1,1,0,0,0,1,0,-1,0,-1,0,-1,1,1,0,0,0,-1,0,0,0,0,1,0,1,0,-1,-1,-1,0,-1,0,1,-1,0,1,0,1,0,1,-1,-1,1,-1,0,1,1,-1,-1
93,Romania,2008-11-30,0,0,0,1,-1,-1,1,-1,1,0,0,0,1,0,-1,0,-1,0,-1,1,1,0,0,0,-1,0,0,0,0,1,0,1,0,-1,-1,-1,0,-1,0,1,-1,0,1,0,1,0,1,-1,-1,1,-1,0,1,1,-1,-1
93,Romania,2012-12-09,0,0,0,1,-1,-1,1,-1,1,0,0,0,1,0,-1,0,-1,0,-1,1,1,0,0,0,-1,0,0,0,0,1,0,1,0,-1,-1,-1,0,-1,0,1,-1,0,1,0,1,0,1,-1,-1,1,-1,0,1,1,-1,-1
96,Slovakia,1990-06-09,0,0,-1,1,-1,-1,0,1,1,1,1,-1,-1,0,0,0,1,0,-1,1,1,-1,0,-1,-1,1,0,0,0,0,-1,-1,1,-1,-1,-1,0,0,0,1,0,1,1,-1,1,-1,1,0,-1,1,-1,1,-1,1,-1,-1
96,Slovakia,1992-06-06,0,0,-1,1,-1,-1,0,1,1,1,1,-1,-1,0,0,0,1,0,-1,1,1,-1,0,-1,-1,1,0,0,0,0,-1,-1,1,-1,-1,-1,0,0,0,1,0,1,1,-1,1,-1,1,0,-1,1,-1,1,-1,1,-1,-1
96,Slovakia,1994-09-30,0,0,-1,1,-1,-1,0,1,1,1,1,-1,-1,0,0,0,1,0,-1,1,1,-1,0,-1,-1,1,0,0,0,0,-1,-1,1,-1,-1,-1,0,0,0,1,0,1,1,-1,1,-1,1,0,-1,1,-1,1,-1,1,-1,-1
96,Slovakia,1998-09-26,0,0,-1,1,-1,-1,0,1,1,1,1,-1,-1,0,0,0,1,0,-1,1,1,-1,0,-1,-1,1,0,0,0,0,-1,-1,1,-1,-1,-1,0,0,0,1,0,1,1,-1,1,-1,1,0,-1,1,-1,1,-1,1,-1,-1
96,Slovakia,2002-09-20,0,0,-1,1,-1,-1,0,1,1,1,1,-1,-1,0,0,0,1,0,-1,1,1,-1,0,-1,-1,1,0,0,0,0,-1,-1,1,-1,-1,-1,0,0,0,1,0,1,1,-1,1,-1,1,0,-1,1,-1,1,-1,1,-1,-1
96,Slovakia,2006-06-17,0,0,-1,1,-1,-1,0,1,1,1,1,-1,-1,0,0,0,1,0,-1,1,1,-1,0,-1,-1,1,0,0,0,0,-1,-1,1,-1,-1,-1,0,0,0,1,0,1,1,-1,1,-1,1,0,-1,1,-1,1,-1,1,-1,-1
96,Slovakia,2010-06-12,0,0,-1,1,-1,-1,0,1,1,1,1,-1,-1,0,0,0,1,0,-1,1,1,-1,0,-1,-1,1,0,0,0,0,-1,-1,1,-1,-1,-1,0,0,0,1,0,1,1,-1,1,-1,1,0,-1,1,-1,1,-1,1,-1,-1
96,Slovakia,2012-03-10,0,0,-1,1,-1,-1,0,1,1,1,1,-1,-1,0,0,0,1,0,-1,1,1,-1,0,-1,-1,1,0,0,0,0,-1,-1,1,-1,-1,-1,0,0,0,1,0,1,1,-1,1,-1,1,0,-1,1,-1,1,-1,1,-1,-1
97,Slovenia,1990-04-08,0,1,0,1,-1,-1,-1,-1,0,1,0,1,-1,-1,-1,-1,0,1,0,1,1,0,-1,-1,1,1,0,0,-1,-1,0,1,1,0,-1,-1,-1,0,0,1,1,0,1,0,1,1,-1,0,1,1,-1,1,-1,-1,-1,-1
97,Slovenia,1992-12-06,0,1,0,1,-1,-1,-1,-1,0,1,0,1,-1,-1,-1,-1,0,1,0,1,1,0,-1,-1,1,1,0,0,-1,-1,0,1,1,0,-1,-1,-1,0,0,1,1,0,1,0,1,1,-1,0,1,1,-1,1,-1,-1,-1,-1
97,Slovenia,1996-11-10,0,1,0,1,-1,-1,-1,-1,0,1,0,1,-1,-1,-1,-1,0,1,0,1,1,0,-1,-1,1,1,0,0,-1,-1,0,1,1,0,-1,-1,-1,0,0,1,1,0,1,0,1,1,-1,0,1,1,-1,1,-1,-1,-1,-1
97,Slovenia,2000-10-15,0,1,0,1,-1,-1,-1,-1,0,1,0,1,-1,-1,-1,-1,0,1,0,1,1,0,-1,-1,1,1,0,0,-1,-1,0,1,1,0,-1,-1,-1,0,0,1,1,0,1,0,1,1,-1,0,1,1,-1,1,-1,-1,-1,-1
97,Slovenia,2004-10-03,-1,1,1,1,-1,-1,-1,-1,1,1,-1,-1,0,0,-1,0,1,-1,0,1,1,0,0,-1,1,0,0,0,0,0,0,1,1,0,-1,-1,-1,0,0,1,1,1,1,0,1,1,0,0,-1,1,-1,0,1,-1,-1,-1
97,Slovenia,2008-09-21,-1,1,1,1,-1,-1,-1,-1,1,1,-1,-1,0,0,-1,0,1,-1,0,1,1,0,0,-1,1,0,0,0,0,0,0,1,1,0,-1,-1,-1,0,0,1,1,1,1,0,1,1,0,0,-1,1,-1,0,1,-1,-1,-1
97,Slovenia,2011-12-04,-1,1,1,1,-1,-1,-1,-1,1,1,-1,-1,0,0,-1,0,1,-1,0,1,1,0,0,-1,1,0,0,0,0,0,0,1,1,0,-1,-1,-1,0,0,1,1,1,1,0,1,1,0,0,-1,1,-1,0,1,-1,-1,-1
218,Belgium (Flanders),1946-02-17,1,1,0,-1,0,0,-1,1,0,-1,-1,-1,1,0,1,1,1,1,1,1,0,-1,1,0,0,1,0,0,-1,-1,-1,-1,1,0,-1,-1,0,-1,1,1,-1,0,1,1,1,0,-1,1,1,1,-1,0,0,1,-1,1
218,Belgium (Flanders),1949-06-29,1,1,0,-1,0,0,-1,1,0,-1,-1,-1,1,0,1,1,1,1,1,1,0,-1,1,0,0,1,0,0,-1,-1,-1,-1,1,0,-1,-1,0,-1,1,1,-1,0,1,1,1,0,-1,1,1,1,-1,0,0,1,-1,1
218,Belgium (Flanders),1950-06-04,1,1,0,-1,0,0,-1,1,0,-1,-1,-1,1,0,1,1,1,1,1,1,0,-1,1,0,0,1,0,0,-1,-1,-1,-1,1,0,-1,-1,0,-1,1,1,-1,0,1,1,1,0,-1,1,1,1,-1,0,0,1,-1,1
218,Belgium (Flanders),1954-04-11,1,1,0,-1,0,0,-1,1,0,-1,-1,-1,1,0,1,1,1,1,1,1,0,-1,1,0,0,1,0,0,-1,-1,-1,-1,1,0,-1,-1,0,-1,1,1,-1,0,1,1,1,0,-1,1,1,1,-1,0,0,1,-1,1
218,Belgium (Flanders),1958-06-01,1,1,0,-1,0,0,-1,1,0,-1,-1,-1,1,0,1,1,1,1,1,1,0,-1,1,0,0,1,0,0,-1,-1,-1,-1,1,0,-1,-1,0,-1,1,1,-1,0,1,1,1,0,-1,1,1,1,-1,0,0,1,-1,1
218,Belgium (Flanders),1961-03-26,1,1,0,-1,0,0,-1,1,0,-1,-1,-1,1,0,1,1,1,1,1,1,0,-1,1,0,0,1,0,0,-1,-1,-1,-1,1,0,-1,-1,0,-1,1,1,-1,0,1,1,1,0,-1,1,1,1,-1,0,0,1,-1,1
218,Belgium (Flanders),1965-05-23,1,1,0,-1,0,0,-1,1,0,-1,-1,-1,1,0,1,1,1,1,1,1,0,-1,1,0,0,1,0,0,-1,-1,-1,-1,1,0,-1,-1,0,-1,1,1,-1,0,1,1,1,0,-1,1,1,1,-1,0,0,1,-1,1
218,Belgium (Flanders),1968-03-31,1,1,0,-1,0,0,-1,1,0,-1,-1,-1,1,0,1,1,1,1,1,1,0,-1,1,0,0,1,0,0,-1,-1,-1,-1,1,0,-1,-1,0,-1,1,1,-1,0,1,1,1,0,-1,1,1,1,-1,0,0,1,-1,1
218,Belgium (Flanders),1971-11-07,1,1,0,-1,0,0,-1,1,0,-1,-1,-1,1,0,1,1,1,1,1,1,0,-1,1,0,0,1,0,0,-1,-1,-1,-1,1,0,-1,-1,0,-1,1,1,-1,0,1,1,1,0,-1,1,1,1,-1,0,0,1,-1,1
218,Belgium (Flanders),1974-03-10,1,1,0,-1,0,0,-1,1,0,-1,-1,-1,1,0,1,1,1,1,1,1,0,-1,1,0,0,1,0,0,-1,-1,-1,-1,1,0,-1,-1,0,-1,1,1,-1,0,1,1,1,0,-1,1,1,1,-1,0,0,1,-1,1
218,Belgium (Flanders),1977-04-17,1,1,0,-1,0,0,-1,1,0,-1,-1,-1,1,0,1,1,1,1,1,1,0,-1,1,0,0,1,0,0,-1,-1,-1,-1,1,0,-1,-1,0,-1,1,1,-1,0,1,1,1,0,-1,1,1,1,-1,0,0,1,-1,1
218,Belgium (Flanders),1978-12-17,1,1,0,-1,0,0,-1,1,0,-1,-1,-1,1,0,1,1,1,1,1,1,0,-1,1,0,0,1,0,0,-1,-1,-1,-1,1,0,-1,-1,0,-1,1,1,-1,0,1,1,1,0,-1,1,1,1,-1,0,0,1,-1,1
218,Belgium (Flanders),1981-11-08,1,1,0,-1,0,0,-1,1,0,-1,-1,-1,1,0,1,1,1,1,1,1,0,-1,1,0,0,1,0,0,-1,-1,-1,-1,1,0,-1,-1,0,-1,1,1,-1,0,1,1,1,0,-1,1,1,1,-1,0,0,1,-1,1
218,Belgium (Flanders),1985-10-13,1,1,0,-1,0,0,-1,1,0,-1,-1,-1,1,0,1,1,1,1,1,1,0,-1,1,0,0,1,0,0,-1,-1,-1,-1,1,0,-1,-1,0,-1,1,1,-1,0,1,1,1,0,-1,1,1,1,-1,0,0,1,-1,1
218,Belgium (Flanders),1987-12-13,1,1,0,-1,0,0,-1,1,0,-1,-1,-1,1,0,1,1,1,1,1,1,0,-1,1,0,0,1,0,0,-1,-1,-1,-1,1,0,-1,-1,0,-1,1,1,-1,0,1,1,1,0,-1,1,1,1,-1,0,0,1,-1,1
218,Belgium (Flanders),1991-11-24,1,1,0,-1,0,0,-1,1,0,-1,-1,-1,1,0,1,1,1,1,1,1,0,-1,1,0,0,1,0,0,-1,-1,-1,-1,1,0,-1,-1,0,-1,1,1,-1,0,1,1,1,0,-1,1,1,1,-1,0,0,1,-1,1
218,Belgium (Flanders),1995-05-21,1,1,0,-1,0,0,-1,1,0,-1,-1,-1,1,0,1,1,1,1,1,1,0,-1,1,0,0,1,0,0,-1,-1,-1,-1,1,0,-1,-1,0,-1,1,1,-1,0,1,1,1,0,-1,1,1,1,-1,0,0,1,-1,1
218,Belgium (Flanders),1999-06-13,1,1,0,-1,0,0,-1,1,0,-1,-1,-1,1,0,1,1,1,1,1,1,0,-1,1,0,0,1,0,0,-1,-1,-1,-1,1,0,-1,-1,0,-1,1,1,-1,0,1,1,1,0,-1,1,1,1,-1,0,0,1,-1,1
218,Belgium (Flanders),2003-05-18,1,1,0,-1,0,0,-1,1,0,-1,-1,-1,1,0,1,1,1,1,1,1,0,-1,1,0,0,1,0,0,-1,-1,-1,-1,1,0,-1,-1,0,-1,1,1,-1,0,1,1,1,0,-1,1,1,1,-1,0,0,1,-1,1
218,Belgium (Flanders),2007-06-10,0,0,0,-1,-1,0,-1,0,0,0,1,0,0,0,1,-1,1,1,1,1,1,-1,-1,0,0,1,1,0,0,-1,0,-1,1,-1,-1,-1,0,-1,0,1,0,0,1,1,1,0,1,0,-1,1,0,1,-1,-1,0,0
218,Belgium (Flanders),2010-06-13,0,0,0,-1,-1,0,-1,0,0,0,1,0,0,0,1,-1,1,1,1,1,1,-1,-1,0,0,1,1,0,0,-1,0,-1,1,-1,-1,-1,0,-1,0,1,0,0,1,1,1,0,1,0,-1,1,0,1,-1,-1,0,0
219,Belgium (Wallonia),1946-02-17,0,0,0,1,-1,-1,1,-1,0,-1,0,-1,0,-1,0,0,1,1,-1,1,1,1,-1,-1,0,1,-1,-1,1,0,-1,-1,1,0,-1,-1,0,-1,-1,1,0,0,0,0,1,0,1,0,1,-1,1,-1,1,1,0,-1
219,Belgium (Wallonia),1949-06-29,0,0,0,1,-1,-1,1,-1,0,-1,0,-1,0,-1,0,0,1,1,-1,1,1,1,-1,-1,0,1,-1,-1,1,0,-1,-1,1,0,-1,-1,0,-1,-1,1,0,0,0,0,1,0,1,0,1,-1,1,-1,1,1,0,-1
219,Belgium (Wallonia),1950-06-04,0,0,0,1,-1,-1,1,-1,0,-1,0,-1,0,-1,0,0,1,1,-1,1,1,1,-1,-1,0,1,-1,-1,1,0,-1,-1,1,0,-1,-1,0,-1,-1,1,0,0,0,0,1,0,1,0,1,-1,1,-1,1,1,0,-1
219,Belgium (Wallonia),1954-04-11,0,0,0,-1,-1,-1,1,-1,0,-1,0,-1,0,-1,0,0,1,1,-1,1,1,1,-1,-1,0,1,-1,-1,1,0,-1,-1,1,0,-1,-1,0,-1,-1,1,0,0,0,0,1,0,1,0,1,-1,1,-1,1,1,0,-1
219,Belgium (Wallonia),1958-06-01,0,0,0,-1,-1,-1,1,1,0,-1,0,-1,0,-1,0,0,1,1,-1,1,1,1,-1,-1,0,1,-1,-1,1,0,-1,-1,1,0,-1,-1,0,-1,-1,1,0,0,0,0,1,0,1,0,1,-1,1,-1,1,1,0,-1
219,Belgium (Wallonia),1961-03-26,0,0,0,-1,-1,-1,1,1,0,-1,0,-1,0,-1,0,0,1,1,-1,1,1,1,-1,-1,0,1,-1,-1,1,0,-1,-1,1,0,-1,-1,0,-1,-1,1,0,0,0,0,1,0,1,0,1,-1,1,-1,1,1,0,-1
219,Belgium (Wallonia),1965-05-23,0,0,0,-1,-1,-1,1,1,0,-1,0,-1,0,-1,0,0,1,1,-1,1,1,1,-1,-1,0,1,-1,-1,1,0,-1,-1,1,0,-1,-1,0,-1,-1,1,0,0,0,0,1,0,1,0,1,-1,1,-1,1,1,0,-1
219,Belgium (Wallonia),1968-03-31,0,0,0,-1,-1,-1,1,1,0,-1,0,-1,0,-1,0,0,1,1,-1,1,1,1,-1,-1,0,1,-1,-1,1,0,-1,-1,1,0,-1,-1,0,-1,-1,1,0,0,0,0,1,0,1,0,1,-1,1,-1,1,1,0,-1
219,Belgium (Wallonia),1971-11-07,0,0,0,-1,-1,-1,1,1,0,-1,0,-1,0,-1,0,0,1,1,-1,1,1,1,-1,-1,0,1,-1,-1,1,0,-1,-1,1,0,-1,-1,0,-1,-1,1,0,0,0,0,1,0,1,0,1,-1,1,-1,1,1,0,-1
219,Belgium (Wallonia),1974-03-10,0,0,0,-1,-1,-1,1,1,0,-1,0,-1,0,-1,0,0,1,1,-1,1,1,1,-1,-1,0,1,-1,-1,1,0,-1,-1,1,0,-1,-1,0,-1,-1,1,0,0,0,0,1,0,1,0,1,-1,1,-1,1,1,0,-1
219,Belgium (Wallonia),1977-04-17,0,0,0,-1,-1,-1,1,1,0,-1,0,-1,0,-1,0,0,1,1,-1,1,1,1,-1,-1,0,1,-1,-1,1,0,-1,-1,1,0,-1,-1,0,-1,-1,1,0,0,0,0,1,0,1,0,1,-1,1,-1,1,1,0,-1
219,Belgium (Wallonia),1978-12-17,0,0,0,-1,-1,-1,1,1,0,-1,0,-1,0,-1,0,0,1,1,-1,1,1,1,-1,-1,0,1,-1,-1,1,0,-1,-1,1,0,-1,-1,0,-1,-1,1,0,0,0,0,1,0,1,0,1,-1,1,-1,1,1,0,-1
219,Belgium (Wallonia),1981-11-08,0,0,0,-1,-1,-1,1,1,0,-1,0,-1,0,-1,0,0,1,-1,-1,1,1,0,-1,-1,0,1,-1,-1,1,0,-1,-1,1,0,-1,-1,0,-1,-1,1,0,0,0,0,1,0,1,0,1,-1,1,-1,1,1,0,-1
219,Belgium (Wallonia),1985-10-13,0,0,0,-1,-1,-1,1,1,0,-1,0,-1,0,-1,0,0,1,-1,-1,1,1,0,-1,-1,0,1,-1,-1,1,0,-1,-1,1,0,-1,-1,0,-1,-1,1,0,0,0,0,1,0,1,0,1,-1,1,-1,0,1,0,-1
219,Belgium (Wallonia),1987-12-13,0,0,0,-1,-1,-1,1,-1,0,-1,0,-1,0,-1,0,0,1,-1,-1,1,1,0,-1,-1,0,1,-1,-1,1,0,-1,-1,1,0,-1,-1,0,-1,-1,1,0,0,0,0,1,0,1,0,1,-1,1,-1,0,1,0,-1
219,Belgium (Wallonia),1991-11-24,0,0,0,1,-1,-1,1,-1,0,0,0,-1,0,-1,0,0,1,-1,-1,1,0,0,-1,-1,0,1,-1,-1,1,0,-1,-1,1,0,-1,-1,0,-1,-1,1,0,0,0,0,1,0,1,0,1,-1,1,-1,0,1,0,-1
219,Belgium (Wallonia),1995-05-21,0,0,0,1,-1,-1,1,-1,0,0,0,-1,0,-1,0,0,1,-1,-1,1,0,0,-1,-1,0,1,-1,-1,1,0,-1,-1,1,0,-1,-1,0,-1,-1,1,0,0,0,0,1,0,1,0,1,-1,1,-1,0,1,0,-1
219,Belgium (Wallonia),1999-06-13,0,0,0,1,-1,-1,1,-1,0,0,0,-1,0,-1,0,0,1,-1,-1,1,0,0,-1,-1,0,1,-1,-1,1,0,-1,-1,1,0,-1,-1,0,-1,-1,1,0,0,0,0,1,0,1,0,1,-1,1,-1,0,1,0,-1
219,Belgium (Wallonia),2003-05-18,0,0,0,1,-1,-1,1,-1,0,0,0,-1,0,-1,0,0,1,-1,-1,1,0,0,-1,-1,0,1,-1,-1,1,0,-1,-1,1,0,-1,-1,0,-1,-1,1,0,0,0,0,1,0,1,0,1,-1,1,-1,0,1,0,-1
219,Belgium (Wallonia),2007-06-10,0,0,0,1,0,-1,0,-1,0,-1,0,0,0,0,-1,0,1,-1,1,1,1,-1,0,-1,0,1,1,0,1,0,-1,-1,1,-1,-1,-1,1,-1,0,1,0,1,1,-1,1,-1,1,0,0,1,0,1,-1,1,0,0
219,Belgium (Wallonia),2010-06-13,0,0,0,1,0,-1,0,-1,0,-1,0,0,0,0,-1,0,1,-1,1,1,1,-1,0,-1,0,1,1,0,1,0,-1,-1,1,-1,-1,-1,1,-1,0,1,0,1,1,-1,1,-1,1,0,0,1,0,1,-1,1,0,0
